date,open,high,low,close,volume,pct_chg
1990-01-01,,,,1000.0,151.62,
2019-12-31,,,,1000.0,151.62,
2020-01-02,1007.06,1036.83,1007.06,1036.83,219.39,3.68
2020-01-03,1040.91,1051.46,1036.74,1043.8,216.06,0.67
2020-01-06,1037.69,1060.5,1037.41,1044.12,266.3,0.03
2020-01-07,1043.81,1048.83,1027.59,1048.83,267.59,0.45
2020-01-08,1042.16,1075.81,1041.22,1068.38,320.76,1.86
2020-01-09,1078.62,1094.48,1078.62,1091.94,284.34,2.21
2020-01-10,1096.1,1101.34,1085.13,1085.13,251.55,-0.62
2020-01-13,1084.67,1132.52,1080.02,1132.52,246.63,4.37
2020-01-14,1132.62,1172.08,1130.55,1150.09,326.25,1.55
2020-01-15,1144.02,1155.57,1133.35,1149.37,242.05,-0.06
2020-01-16,1150.27,1207.65,1150.27,1204.49,308.53,4.8
2020-01-17,1208.07,1331.15,1208.07,1316.29,587.36,9.28
2020-01-20,1311.26,1337.91,1264.19,1300.99,520.26,-1.16
2020-01-21,1289.21,1311.22,1255.29,1255.29,420.68,-3.51
2020-01-22,1232.51,1329.58,1208.7,1329.58,479.47,5.92
2020-01-23,1297.75,1363.92,1254.66,1291.5,442.59,-2.86
2020-02-03,1076.61,1139.11,1060.26,1060.26,546.65,-17.91
2020-02-04,1091.45,1192.19,1091.45,1192.19,528.62,12.44
2020-02-05,1210.09,1287.42,1210.09,1235.39,586.02,3.62
2020-02-06,1217.88,1278.9,1217.88,1265.37,559.0,2.43
2020-02-07,1261.27,1349.3,1255.32,1349.14,566.48,6.62
2020-02-10,1360.23,1403.26,1358.26,1391.51,593.29,3.14
2020-02-11,1382.87,1396.28,1343.36,1364.7,503.75,-1.93
2020-02-12,1354.93,1435.38,1354.93,1416.09,476.39,3.77
2020-02-13,1418.14,1498.16,1418.14,1429.67,614.41,0.96
2020-02-14,1425.26,1447.3,1353.78,1379.84,531.02,-3.49
2020-02-17,1385.17,1432.36,1385.17,1432.36,496.99,3.81
2020-02-18,1432.08,1467.04,1429.81,1452.89,490.56,1.43
2020-02-19,1451.62,1467.44,1425.93,1430.34,478.32,-1.55
2020-02-20,1432.92,1443.79,1366.81,1394.65,422.23,-2.5
2020-02-21,1380.71,1418.52,1380.71,1385.76,447.55,-0.64
2020-02-24,1378.32,1402.83,1366.06,1392.39,420.0,0.48
2020-02-25,1349.55,1415.67,1349.55,1412.86,461.16,1.47
2020-02-26,1388.87,1407.44,1325.68,1329.1,501.58,-5.93
2020-02-27,1332.7,1332.7,1277.41,1290.9,503.28,-2.87
2020-02-28,1226.4,1254.12,1209.44,1214.44,513.21,-5.92
2020-03-02,1230.13,1283.58,1221.29,1276.8,497.97,5.14
2020-03-03,1302.43,1362.12,1297.94,1312.32,512.29,2.78
2020-03-04,1292.76,1304.0,1246.97,1277.79,381.95,-2.63
2020-03-05,1301.4,1304.16,1273.8,1292.53,431.26,1.15
2020-03-06,1273.23,1276.82,1260.1,1263.56,326.12,-2.24
2020-03-09,1233.21,1245.5,1187.39,1187.39,387.27,-6.03
2020-03-10,1162.78,1238.57,1149.65,1238.57,406.49,4.31
2020-03-11,1241.47,1255.37,1205.09,1205.09,424.85,-2.7
2020-03-12,1180.98,1200.43,1175.08,1191.21,280.54,-1.15
2020-03-13,1127.43,1222.97,1127.43,1206.75,338.33,1.31
2020-03-16,1219.87,1231.28,1148.03,1148.03,318.12,-4.87
2020-03-17,1166.28,1177.38,1111.29,1164.48,297.27,1.43
2020-03-18,1180.79,1204.12,1144.37,1144.48,299.96,-1.72
2020-03-19,1146.84,1163.83,1119.67,1157.41,278.5,1.13
2020-03-20,1169.54,1174.75,1143.22,1155.69,235.6,-0.15
2020-03-23,1119.85,1122.25,1054.87,1058.99,283.05,-8.37
2020-03-24,1087.38,1089.75,1031.68,1078.23,236.83,1.82
2020-03-25,1118.22,1132.35,1114.79,1119.94,249.63,3.87
2020-03-26,1112.42,1130.52,1108.58,1110.94,211.38,-0.8
2020-03-27,1126.3,1129.08,1102.34,1105.64,229.2,-0.48
2020-03-30,1079.85,1079.85,1041.95,1059.13,226.09,-4.21
2020-03-31,1074.75,1083.73,1057.8,1060.9,170.37,0.17
2020-04-01,1055.29,1096.06,1055.29,1073.16,175.06,1.16
2020-04-02,1068.19,1135.02,1068.19,1135.02,209.31,5.76
2020-04-03,1128.56,1132.65,1110.16,1116.37,181.44,-1.64
2020-04-07,1147.46,1156.49,1142.1,1145.13,198.62,2.58
2020-04-08,1136.75,1149.39,1132.98,1137.3,170.74,-0.68
2020-04-09,1141.29,1143.5,1125.14,1130.55,203.17,-0.59
2020-04-10,1128.96,1128.96,1081.54,1083.86,227.14,-4.13
2020-04-13,1070.53,1076.44,1062.88,1065.74,151.91,-1.67
2020-04-14,1074.17,1097.41,1074.17,1097.41,143.0,2.97
2020-04-15,1101.0,1130.35,1101.0,1115.39,166.23,1.64
2020-04-16,1107.86,1122.81,1106.98,1116.6,178.44,0.11
2020-04-17,1129.13,1161.49,1129.13,1148.61,258.57,2.87
2020-04-20,1150.64,1163.59,1146.48,1163.59,501.42,1.31
2020-04-21,1157.43,1157.43,1138.16,1148.47,384.23,-1.3
2020-04-22,1136.0,1165.9,1136.0,1165.9,382.16,1.52
2020-04-23,1170.98,1191.11,1170.88,1183.49,405.26,1.51
2020-04-24,1181.46,1188.42,1171.16,1178.69,359.01,-0.41
2020-04-27,1174.14,1181.08,1170.05,1172.36,314.53,-0.54
2020-04-28,1166.39,1166.39,1069.27,1156.88,460.92,-1.32
2020-04-29,1148.44,1165.89,1137.03,1137.03,310.04,-1.72
2020-04-30,1143.49,1214.06,1143.49,1207.04,408.72,6.16
2020-05-06,1197.83,1305.08,1197.83,1296.83,563.09,7.44
2020-05-07,1299.03,1299.03,1263.5,1269.4,542.26,-2.12
2020-05-08,1277.74,1322.66,1277.74,1287.06,465.94,1.39
2020-05-11,1295.2,1320.56,1264.12,1274.28,412.55,-0.99
2020-05-12,1271.78,1281.44,1249.47,1281.44,382.26,0.56
2020-05-13,1276.91,1302.78,1276.91,1294.64,406.9,1.03
2020-05-14,1290.44,1308.14,1287.96,1291.1,467.83,-0.27
2020-05-15,1294.42,1333.97,1294.29,1321.52,431.55,2.36
2020-05-18,1337.43,1337.43,1298.46,1301.49,508.22,-1.52
2020-05-19,1309.54,1383.34,1309.54,1383.34,480.76,6.29
2020-05-20,1375.09,1410.13,1351.23,1362.27,562.37,-1.52
2020-05-21,1360.76,1366.0,1300.99,1302.19,494.91,-4.41
2020-05-22,1297.12,1309.39,1255.32,1280.9,424.09,-1.64
2020-05-25,1274.19,1279.13,1253.12,1258.31,339.07,-1.76
2020-05-26,1266.75,1329.14,1266.75,1328.2,446.59,5.55
2020-05-27,1324.36,1335.41,1302.3,1304.9,457.16,-1.75
2020-05-28,1302.97,1306.75,1257.68,1282.76,423.93,-1.7
2020-05-29,1278.63,1320.55,1278.63,1294.58,449.86,0.92
2020-06-01,1309.76,1366.22,1309.76,1355.24,507.2,4.69
2020-06-02,1360.65,1365.13,1339.31,1356.56,484.75,0.1
2020-06-03,1357.24,1363.96,1339.26,1339.26,480.05,-1.28
2020-06-04,1340.61,1347.77,1335.14,1341.54,549.97,0.17
2020-06-05,1340.9,1354.87,1336.29,1342.5,474.01,0.07
2020-06-08,1354.14,1359.97,1322.3,1325.27,472.88,-1.28
2020-06-09,1323.56,1329.39,1315.79,1327.73,427.95,0.19
2020-06-10,1327.3,1327.3,1312.72,1316.3,571.06,-0.86
2020-06-11,1318.58,1341.83,1311.76,1318.99,534.85,0.21
2020-06-12,1289.62,1312.74,1289.62,1305.4,480.98,-1.03
2020-06-15,1302.73,1314.28,1289.4,1290.14,467.93,-1.17
2020-06-16,1300.39,1333.36,1300.39,1333.36,531.55,3.35
2020-06-17,1335.35,1340.99,1321.98,1332.65,545.97,-0.05
2020-06-18,1331.84,1344.82,1328.22,1342.21,499.6,0.72
2020-06-19,1341.9,1367.31,1341.9,1361.9,472.5,1.47
2020-06-22,1383.22,1422.03,1383.22,1410.03,711.24,3.53
2020-06-23,1403.67,1445.0,1399.73,1445.0,580.09,2.48
2020-06-24,1445.34,1481.25,1445.34,1469.75,637.64,1.71
2020-06-29,1460.91,1460.91,1436.22,1443.58,524.16,-1.78
2020-06-30,1454.48,1497.46,1454.48,1487.34,553.37,3.03
2020-07-01,1491.95,1497.74,1453.27,1482.8,627.86,-0.31
2020-07-02,1480.24,1496.49,1472.0,1488.9,599.48,0.41
2020-07-03,1494.73,1499.22,1461.28,1491.68,602.49,0.19
2020-07-06,1504.34,1619.99,1504.34,1612.45,944.94,8.1
2020-07-07,1627.76,1689.22,1627.76,1637.41,1032.0,1.55
2020-07-08,1636.91,1676.98,1632.08,1665.07,791.32,1.69
2020-07-09,1658.18,1746.64,1658.18,1730.01,968.08,3.9
2020-07-10,1717.28,1751.05,1708.06,1722.61,781.81,-0.43
2020-07-13,1719.31,1809.82,1719.31,1809.82,809.77,5.06
2020-07-14,1801.99,1813.03,1741.62,1799.13,944.84,-0.59
2020-07-15,1803.42,1803.42,1699.97,1699.97,1000.88,-5.51
2020-07-16,1689.91,1689.91,1532.25,1538.4,1381.99,-9.5
2020-07-17,1543.12,1561.49,1500.2,1509.37,896.51,-1.89
2020-07-20,1528.44,1528.44,1446.15,1527.13,905.34,1.18
2020-07-21,1520.0,1567.17,1520.0,1552.94,759.82,1.69
2020-07-22,1536.9,1583.22,1536.9,1559.4,991.08,0.42
2020-07-23,1546.81,1568.62,1516.56,1549.27,894.78,-0.65
2020-07-24,1518.94,1527.08,1437.8,1437.8,1025.44,-7.2
2020-07-27,1445.58,1450.75,1414.47,1426.61,620.68,-0.78
2020-07-28,1440.7,1455.78,1433.4,1452.44,544.47,1.81
2020-07-29,1457.38,1545.91,1456.6,1545.91,732.7,6.44
2020-07-30,1554.05,1570.94,1543.26,1544.23,740.29,-0.11
2020-07-31,1538.81,1592.47,1538.81,1588.83,855.43,2.89
2020-08-03,1613.31,1686.99,1613.31,1682.14,966.54,5.87
2020-08-04,1684.83,1687.38,1627.22,1637.9,782.75,-2.63
2020-08-05,1679.61,1679.61,1637.46,1665.38,716.72,1.68
2020-08-06,1652.47,1664.63,1632.24,1647.55,698.62,-1.07
2020-08-07,1635.71,1635.71,1549.55,1585.59,735.75,-3.76
2020-08-10,1575.51,1619.02,1575.3,1599.87,601.84,0.9
2020-08-11,1593.37,1602.85,1550.31,1550.31,577.14,-3.1
2020-08-12,1545.14,1545.14,1488.45,1523.4,633.61,-1.74
2020-08-13,1533.75,1540.95,1521.9,1526.03,494.5,0.17
2020-08-14,1524.93,1542.88,1513.38,1541.7,431.3,1.03
2020-08-17,1547.16,1554.89,1526.9,1552.3,750.68,0.69
2020-08-18,1551.93,1562.77,1543.62,1562.41,794.67,0.65
2020-08-19,1564.48,1564.48,1506.86,1506.86,801.65,-3.56
2020-08-20,1494.79,1512.17,1482.69,1483.39,615.47,-1.56
2020-08-21,1494.12,1509.63,1484.03,1488.8,521.51,0.37
2020-08-24,1493.79,1498.47,1464.07,1490.9,560.67,0.14
2020-08-25,1490.79,1497.58,1464.68,1466.38,526.99,-1.64
2020-08-26,1460.03,1465.07,1410.33,1417.47,654.5,-3.34
2020-08-27,1423.41,1473.96,1417.95,1466.23,605.65,3.44
2020-08-28,1460.29,1461.54,1439.38,1458.4,565.29,-0.53
2020-08-31,1464.01,1487.77,1464.01,1468.22,547.57,0.67
2020-09-01,1467.86,1475.8,1462.48,1466.22,443.19,-0.14
2020-09-02,1471.84,1472.23,1447.29,1455.94,491.98,-0.7
2020-09-03,1453.71,1458.54,1435.65,1439.2,530.49,-1.15
2020-09-04,1414.55,1440.26,1414.55,1438.15,490.98,-0.07
2020-09-07,1434.57,1445.82,1395.54,1399.11,620.76,-2.72
2020-09-08,1398.9,1398.9,1368.36,1384.11,444.85,-1.07
2020-09-09,1368.41,1368.41,1323.07,1332.41,625.22,-3.74
2020-09-10,1347.46,1356.41,1312.24,1318.07,475.06,-1.08
2020-09-11,1318.59,1351.07,1314.54,1351.07,403.62,2.5
2020-09-14,1376.88,1407.64,1376.06,1386.53,437.32,2.62
2020-09-15,1387.22,1411.65,1372.57,1404.26,410.95,1.28
2020-09-16,1400.04,1403.87,1377.59,1383.3,413.37,-1.49
2020-09-17,1379.61,1429.11,1373.08,1419.78,840.63,2.64
2020-09-18,1420.88,1438.64,1417.8,1438.64,637.62,1.33
2020-09-21,1442.9,1446.82,1425.77,1429.38,517.34,-0.64
2020-09-22,1419.2,1434.02,1410.75,1418.88,557.16,-0.73
2020-09-23,1431.04,1465.59,1431.04,1451.95,620.89,2.33
2020-09-24,1438.26,1438.54,1417.92,1420.41,503.15,-2.17
2020-09-25,1426.78,1426.78,1385.33,1387.5,382.41,-2.32
2020-09-28,1389.0,1389.0,1359.63,1361.63,452.32,-1.87
2020-09-29,1370.52,1420.55,1370.52,1407.15,429.36,3.34
2020-09-30,1411.08,1438.39,1411.08,1425.87,398.51,1.33
2020-10-09,1455.14,1473.2,1455.14,1472.37,492.1,3.26
2020-10-12,1481.72,1512.12,1481.72,1511.66,659.82,2.67
2020-10-13,1508.28,1512.88,1501.96,1512.0,509.55,0.02
2020-10-14,1509.21,1509.21,1488.97,1492.9,467.34,-1.26
2020-10-15,1492.66,1495.09,1462.48,1463.18,452.03,-1.99
2020-10-16,1474.73,1474.73,1441.55,1452.13,377.74,-0.76
2020-10-19,1458.24,1458.24,1437.93,1438.4,400.95,-0.95
2020-10-20,1432.09,1437.95,1412.88,1437.95,387.96,-0.03
2020-10-21,1437.17,1437.17,1407.18,1408.24,384.99,-2.07
2020-10-22,1404.59,1404.59,1389.01,1389.01,332.91,-1.37
2020-10-23,1390.67,1395.37,1347.97,1347.97,377.54,-2.96
2020-10-26,1342.18,1366.95,1326.38,1363.38,307.4,1.14
2020-10-27,1365.09,1392.89,1365.09,1392.89,314.78,2.16
2020-10-28,1400.8,1410.31,1392.94,1404.3,416.63,0.82
2020-10-29,1389.3,1418.31,1389.3,1411.71,461.2,0.53
2020-10-30,1418.98,1442.92,1401.11,1401.11,612.37,-0.75
2020-11-02,1411.39,1413.43,1373.77,1402.92,525.07,0.13
2020-11-03,1406.83,1452.86,1406.83,1451.27,502.08,3.45
2020-11-04,1456.16,1456.16,1443.19,1450.9,418.0,-0.03
2020-11-05,1475.67,1475.67,1451.9,1469.64,479.65,1.29
2020-11-06,1473.64,1473.64,1437.16,1446.28,445.34,-1.59
2020-11-09,1459.02,1514.37,1459.02,1504.71,779.7,4.04
2020-11-10,1498.08,1498.08,1464.05,1465.23,581.13,-2.62
2020-11-11,1462.25,1462.25,1407.76,1407.76,561.54,-3.92
2020-11-12,1421.06,1430.95,1414.36,1416.89,422.06,0.65
2020-11-13,1409.69,1435.54,1402.11,1432.77,416.02,1.12
2020-11-16,1481.22,1481.22,1432.23,1433.08,471.68,0.02
2020-11-17,1440.31,1440.31,1405.25,1417.91,485.87,-1.06
2020-11-18,1417.72,1426.18,1408.62,1412.3,502.11,-0.4
2020-11-19,1406.5,1428.76,1404.2,1428.34,449.6,1.14
2020-11-20,1426.76,1429.1,1419.41,1421.4,470.29,-0.49
2020-11-23,1420.58,1420.58,1400.5,1410.67,474.39,-0.76
2020-11-24,1404.16,1420.14,1404.16,1410.23,486.43,-0.03
2020-11-25,1413.24,1414.33,1394.52,1394.6,465.26,-1.11
2020-11-26,1393.74,1406.61,1388.52,1391.14,380.05,-0.25
2020-11-27,1391.24,1405.33,1389.55,1396.95,372.32,0.42
2020-11-30,1405.17,1415.83,1398.8,1403.85,418.36,0.49
2020-12-01,1404.71,1428.3,1404.71,1425.69,373.17,1.56
2020-12-02,1431.52,1449.26,1431.52,1443.46,573.85,1.25
2020-12-03,1443.83,1454.66,1436.06,1445.39,458.5,0.13
2020-12-04,1442.19,1444.22,1431.7,1437.96,417.86,-0.51
2020-12-07,1453.56,1456.39,1439.51,1441.38,475.9,0.24
2020-12-08,1440.16,1443.34,1435.66,1436.42,427.96,-0.34
2020-12-09,1436.38,1436.38,1406.11,1406.11,478.34,-2.11
2020-12-10,1403.3,1424.16,1403.3,1416.85,504.34,0.76
2020-12-11,1417.94,1425.36,1407.98,1422.54,666.54,0.4
2020-12-14,1424.82,1440.44,1418.28,1436.39,458.43,0.97
2020-12-15,1437.06,1445.68,1426.61,1432.21,471.35,-0.29
2020-12-16,1427.51,1427.51,1412.58,1413.49,556.06,-1.31
2020-12-17,1413.17,1430.24,1407.06,1429.89,479.83,1.16
2020-12-18,1446.3,1446.3,1426.14,1428.43,466.32,-0.1
2020-12-21,1428.3,1457.45,1428.3,1457.08,521.22,2.01
2020-12-22,1452.9,1462.64,1435.48,1437.26,516.22,-1.36
2020-12-23,1437.03,1449.9,1434.8,1449.9,519.61,0.88
2020-12-24,1451.5,1453.52,1420.36,1420.36,576.44,-2.04
2020-12-25,1419.69,1429.26,1415.96,1426.72,498.17,0.45
2020-12-28,1424.0,1424.0,1407.54,1410.88,520.9,-1.11
2020-12-29,1410.59,1422.17,1405.54,1405.55,481.93,-0.38
2020-12-30,1404.73,1432.26,1404.73,1426.44,520.05,1.49
2020-12-31,1432.52,1471.39,1432.52,1471.29,546.09,3.15
2021-01-04,1475.49,1503.17,1473.56,1501.69,585.55,2.07
2021-01-05,1493.17,1508.91,1493.17,1507.78,609.75,0.41
2021-01-06,1511.99,1513.49,1491.37,1494.6,607.15,-0.88
2021-01-07,1493.74,1493.74,1439.3,1449.15,663.36,-3.04
2021-01-08,1449.65,1453.08,1434.69,1443.65,542.41,-0.38
2021-01-11,1450.13,1471.61,1444.04,1454.11,576.24,0.73
2021-01-12,1453.94,1465.15,1449.28,1463.91,451.14,0.67
2021-01-13,1469.89,1469.89,1447.74,1460.9,570.96,-0.21
2021-01-14,1457.7,1534.95,1457.7,1507.27,754.3,3.17
2021-01-15,1508.65,1522.93,1497.16,1509.01,605.49,0.12
2021-01-18,1506.23,1557.4,1502.94,1544.39,629.03,2.34
2021-01-19,1544.47,1544.47,1512.02,1512.02,573.15,-2.1
2021-01-20,1519.45,1548.88,1518.63,1548.88,492.04,2.44
2021-01-21,1554.43,1574.69,1548.62,1568.09,526.05,1.24
2021-01-22,1565.57,1579.87,1547.82,1579.3,580.16,0.72
2021-01-25,1576.19,1606.06,1567.87,1593.27,603.58,0.88
2021-01-26,1592.94,1597.31,1566.39,1570.63,484.12,-1.42
2021-01-27,1572.74,1572.74,1530.86,1540.8,452.79,-1.9
2021-01-28,1522.08,1546.13,1504.95,1504.95,428.16,-2.33
2021-01-29,1518.66,1519.93,1482.25,1504.43,492.04,-0.03
2021-02-01,1499.48,1515.88,1495.82,1503.5,462.33,-0.06
2021-02-02,1505.77,1515.75,1499.74,1515.75,446.92,0.82
2021-02-03,1512.51,1518.91,1490.13,1490.13,508.49,-1.69
2021-02-04,1481.92,1481.92,1444.46,1471.35,484.2,-1.26
2021-02-05,1472.14,1487.13,1449.65,1449.65,422.76,-1.47
2021-02-08,1451.77,1465.55,1447.77,1459.58,377.18,0.69
2021-02-09,1463.45,1511.92,1463.45,1511.69,390.55,3.57
2021-02-10,1508.85,1530.24,1501.79,1529.33,408.21,1.17
2021-02-18,1548.12,1548.12,1520.37,1520.72,479.8,-0.56
2021-02-19,1515.07,1519.1,1494.5,1518.6,433.99,-0.14
2021-02-22,1522.31,1525.24,1475.71,1476.19,545.08,-2.79
2021-02-23,1459.4,1488.95,1459.4,1476.2,435.87,0.0
2021-02-24,1479.62,1479.62,1441.64,1446.93,451.39,-1.98
2021-02-25,1457.25,1457.25,1440.58,1440.96,490.04,-0.41
2021-02-26,1409.75,1428.71,1409.75,1421.58,474.33,-1.35
2021-03-01,1436.8,1455.26,1435.32,1455.23,496.77,2.37
2021-03-02,1467.0,1467.0,1441.72,1448.88,524.5,-0.44
2021-03-03,1445.68,1456.86,1439.25,1456.86,449.17,0.55
2021-03-04,1453.13,1453.13,1418.64,1419.26,524.38,-2.58
2021-03-05,1398.29,1430.24,1398.29,1423.11,383.68,0.27
2021-03-08,1430.99,1432.03,1372.11,1372.11,492.26,-3.58
2021-03-09,1369.89,1369.89,1319.86,1326.85,504.02,-3.3
2021-03-10,1348.9,1349.6,1329.93,1336.4,371.11,0.72
2021-03-11,1341.51,1375.44,1332.73,1370.14,385.53,2.53
2021-03-12,1371.46,1371.46,1354.87,1356.19,371.62,-1.02
2021-03-15,1348.91,1348.91,1305.11,1314.0,347.85,-3.11
2021-03-16,1315.28,1321.11,1303.73,1314.17,330.41,0.01
2021-03-17,1313.38,1331.71,1307.92,1331.26,317.23,1.3
2021-03-18,1335.57,1349.42,1335.57,1340.74,357.3,0.71
2021-03-19,1326.65,1342.99,1324.55,1331.29,397.08,-0.7
2021-03-22,1329.63,1348.26,1329.63,1346.26,357.0,1.12
2021-03-23,1350.46,1353.11,1331.8,1334.1,432.77,-0.9
2021-03-24,1326.86,1342.94,1317.87,1319.1,386.64,-1.12
2021-03-25,1309.81,1328.42,1307.5,1316.64,336.5,-0.19
2021-03-26,1321.5,1354.42,1321.5,1353.51,353.42,2.8
2021-03-29,1358.5,1358.7,1346.92,1347.55,347.88,-0.44
2021-03-30,1345.76,1356.9,1343.15,1345.2,349.02,-0.17
2021-03-31,1344.27,1349.82,1334.29,1345.21,355.24,0.0
2021-04-01,1346.35,1365.56,1346.35,1362.22,425.54,1.27
2021-04-02,1369.76,1396.64,1369.76,1394.61,542.17,2.38
2021-04-06,1398.74,1398.74,1387.43,1391.34,436.42,-0.24
2021-04-07,1390.76,1391.67,1377.56,1390.37,413.55,-0.07
2021-04-08,1386.57,1396.17,1379.83,1387.61,476.47,-0.2
2021-04-09,1385.44,1388.63,1364.7,1365.08,414.17,-1.62
2021-04-12,1362.42,1370.16,1333.35,1335.87,440.65,-2.14
2021-04-13,1337.02,1352.94,1336.54,1337.68,384.95,0.14
2021-04-14,1339.11,1352.37,1339.11,1349.47,352.66,0.88
2021-04-15,1345.64,1355.28,1338.56,1355.28,352.54,0.43
2021-04-16,1356.7,1373.72,1350.0,1370.51,465.26,1.12
2021-04-19,1368.94,1401.64,1368.94,1400.53,687.47,2.19
2021-04-20,1397.42,1403.68,1391.12,1391.12,699.24,-0.67
2021-04-21,1384.22,1396.47,1379.07,1391.83,519.46,0.05
2021-04-22,1392.94,1411.93,1392.94,1411.18,498.2,1.39
2021-04-23,1408.66,1424.87,1408.66,1418.04,476.2,0.49
2021-04-26,1422.59,1442.13,1420.26,1420.26,623.12,0.16
2021-04-27,1415.67,1420.91,1403.13,1416.97,505.24,-0.23
2021-04-28,1423.12,1431.33,1407.58,1431.04,572.83,0.99
2021-04-29,1428.64,1440.2,1417.28,1424.13,551.37,-0.48
2021-04-30,1426.28,1435.48,1422.75,1431.72,606.15,0.53
2021-05-06,1427.91,1427.91,1397.45,1410.35,473.06,-1.49
2021-05-07,1412.57,1412.57,1358.99,1358.99,484.79,-3.64
2021-05-10,1357.77,1363.34,1348.14,1353.32,437.98,-0.42
2021-05-11,1341.14,1360.47,1335.97,1356.64,436.73,0.25
2021-05-12,1352.55,1379.7,1351.02,1377.98,473.93,1.57
2021-05-13,1363.95,1394.28,1363.95,1380.75,502.72,0.2
2021-05-14,1381.29,1407.6,1381.29,1407.18,506.1,1.91
2021-05-17,1410.47,1444.76,1410.47,1436.79,594.69,2.1
2021-05-18,1437.24,1437.24,1423.99,1431.79,542.27,-0.35
2021-05-19,1429.15,1440.38,1429.15,1432.64,766.85,0.06
2021-05-20,1429.08,1446.94,1429.08,1439.65,686.97,0.49
2021-05-21,1444.27,1444.27,1421.6,1422.79,626.13,-1.17
2021-05-24,1421.8,1439.83,1410.77,1438.29,561.3,1.09
2021-05-25,1438.08,1484.38,1438.08,1483.55,624.35,3.15
2021-05-26,1485.85,1486.41,1476.4,1479.74,615.04,-0.26
2021-05-27,1476.33,1515.86,1476.33,1515.86,832.3,2.44
2021-05-28,1511.87,1522.66,1486.7,1491.12,2156.51,-1.63
2021-05-31,1500.42,1554.0,1500.42,1554.0,1637.63,4.22
2021-06-01,1551.17,1582.39,1551.17,1579.7,1590.5,1.65
2021-06-02,1578.54,1578.54,1538.61,1539.47,1439.59,-2.55
2021-06-03,1537.64,1547.39,1521.8,1522.18,1144.16,-1.12
2021-06-04,1513.81,1545.9,1513.81,1534.42,1000.02,0.8
2021-06-07,1543.51,1549.23,1532.8,1540.88,1042.02,0.42
2021-06-08,1550.55,1550.55,1522.81,1526.98,949.08,-0.9
2021-06-09,1527.63,1546.53,1527.63,1536.84,826.42,0.65
2021-06-10,1537.92,1570.37,1537.92,1567.08,1010.27,1.97
2021-06-11,1570.41,1578.29,1557.27,1560.39,1068.33,-0.43
2021-06-15,1563.47,1588.71,1560.15,1569.88,1007.11,0.61
2021-06-16,1574.24,1574.24,1527.96,1528.16,853.94,-2.66
2021-06-17,1529.84,1596.61,1529.84,1595.61,1190.87,4.41
2021-06-18,1597.02,1622.24,1597.02,1618.37,1006.11,1.43
2021-06-21,1609.9,1664.25,1609.9,1664.25,1021.95,2.84
2021-06-22,1668.3,1671.06,1653.42,1663.28,1970.79,-0.06
2021-06-23,1668.61,1690.19,1661.32,1673.05,1603.48,0.59
2021-06-24,1671.8,1672.66,1637.76,1642.33,1407.01,-1.84
2021-06-25,1642.63,1673.98,1642.63,1673.42,1085.45,1.89
2021-06-28,1677.81,1721.89,1677.81,1704.85,1095.26,1.88
2021-06-29,1709.04,1719.61,1690.27,1702.0,1039.04,-0.17
2021-06-30,1704.08,1738.75,1704.08,1726.91,1153.5,1.46
2021-07-01,1728.5,1742.86,1719.31,1725.47,1041.18,-0.08
2021-07-02,1708.59,1708.59,1672.1,1676.27,951.42,-2.85
2021-07-05,1683.95,1718.78,1683.95,1718.23,980.61,2.5
2021-07-06,1725.31,1725.91,1651.86,1675.89,1107.08,-2.46
2021-07-07,1662.59,1714.25,1662.35,1710.97,1033.99,2.09
2021-07-08,1716.23,1745.04,1716.23,1740.19,1173.48,1.71
2021-07-09,1729.34,1729.34,1694.21,1716.89,1014.78,-1.34
2021-07-12,1725.99,1747.26,1714.8,1742.04,1053.85,1.47
2021-07-13,1741.97,1758.21,1715.53,1731.22,1111.15,-0.62
2021-07-14,1722.1,1734.16,1708.67,1708.67,919.85,-1.3
2021-07-15,1701.11,1715.47,1690.15,1715.47,937.69,0.4
2021-07-16,1723.62,1723.62,1687.29,1687.29,950.97,-1.64
2021-07-19,1675.6,1689.15,1667.81,1676.51,852.65,-0.64
2021-07-20,1665.78,1684.48,1664.15,1682.74,790.7,0.37
2021-07-21,1688.41,1735.18,1688.41,1729.41,916.49,2.77
2021-07-22,1737.13,1752.42,1721.72,1752.25,1235.71,1.32
2021-07-23,1759.51,1759.51,1720.46,1732.43,1148.84,-1.13
2021-07-26,1729.24,1731.68,1664.09,1716.06,1262.84,-0.95
2021-07-27,1715.71,1786.14,1700.68,1700.68,1859.82,-0.9
2021-07-28,1686.74,1702.95,1649.12,1667.47,1361.49,-1.95
2021-07-29,1702.98,1755.56,1702.98,1747.67,1281.17,4.81
2021-07-30,1738.81,1769.88,1732.06,1756.42,1528.09,0.5
2021-08-02,1757.76,1774.55,1738.64,1766.32,1512.41,0.56
2021-08-03,1754.3,1756.44,1724.78,1727.04,1365.96,-2.22
2021-08-04,1727.92,1768.82,1727.92,1768.27,1255.17,2.39
2021-08-05,1764.31,1781.31,1756.29,1768.93,1262.22,0.04
2021-08-06,1786.27,1786.27,1740.73,1754.85,1260.23,-0.8
2021-08-09,1738.82,1759.06,1725.8,1754.48,1071.35,-0.02
2021-08-10,1754.3,1771.71,1754.3,1771.71,1120.33,0.98
2021-08-11,1774.05,1778.05,1753.64,1764.43,1322.12,-0.41
2021-08-12,1757.7,1789.35,1757.7,1777.04,1288.91,0.71
2021-08-13,1771.36,1775.44,1741.99,1744.03,1257.44,-1.86
2021-08-16,1737.43,1754.97,1727.5,1740.63,1095.3,-0.2
2021-08-17,1735.53,1736.22,1685.91,1687.76,1090.96,-3.04
2021-08-18,1693.18,1709.77,1683.12,1690.61,1036.62,0.17
2021-08-19,1690.78,1729.78,1690.78,1722.07,987.22,1.86
2021-08-20,1714.42,1722.36,1682.62,1698.68,1037.6,-1.36
2021-08-23,1703.21,1749.38,1701.78,1748.71,1154.62,2.95
2021-08-24,1751.2,1768.25,1733.02,1759.39,1171.71,0.61
2021-08-25,1758.2,1758.2,1735.42,1742.75,1084.75,-0.95
2021-08-26,1746.17,1746.17,1699.25,1699.25,1072.15,-2.5
2021-08-27,1696.58,1707.61,1684.57,1686.95,1040.08,-0.72
2021-08-30,1694.07,1716.16,1674.72,1682.5,1187.56,-0.26
2021-08-31,1674.97,1674.97,1633.24,1648.86,1072.99,-2.0
2021-09-01,1649.42,1649.42,1607.51,1628.79,1274.85,-1.22
2021-09-02,1621.21,1628.11,1605.65,1610.03,1148.87,-1.15
2021-09-03,1609.43,1625.69,1593.53,1607.06,1139.56,-0.19
2021-09-06,1603.98,1649.93,1603.98,1647.93,978.57,2.54
2021-09-07,1644.96,1651.48,1644.46,1650.28,945.27,0.14
2021-09-08,1650.34,1650.34,1621.91,1624.24,990.51,-1.58
2021-09-09,1625.02,1630.55,1598.29,1607.56,941.03,-1.03
2021-09-10,1606.01,1631.18,1596.61,1629.57,1052.3,1.37
2021-09-13,1627.03,1627.03,1585.15,1585.15,926.59,-2.73
2021-09-14,1583.24,1614.09,1583.24,1593.83,974.88,0.55
2021-09-15,1593.21,1593.21,1579.46,1586.31,792.43,-0.47
2021-09-16,1581.09,1581.09,1543.57,1546.11,912.62,-2.53
2021-09-17,1546.55,1558.08,1525.81,1547.0,872.98,0.06
2021-09-22,1532.51,1553.64,1532.51,1548.54,781.9,0.1
2021-09-23,1555.21,1570.16,1549.22,1559.84,735.07,0.73
2021-09-24,1558.35,1585.99,1558.35,1568.98,716.91,0.59
2021-09-27,1577.27,1586.16,1546.96,1558.39,840.24,-0.68
2021-09-28,1553.72,1569.53,1541.6,1542.21,585.83,-1.04
2021-09-29,1535.85,1536.58,1518.97,1521.83,690.37,-1.32
2021-09-30,1527.02,1552.94,1527.02,1550.23,548.59,1.87
2021-10-08,1561.58,1566.04,1539.81,1543.11,550.28,-0.46
2021-10-11,1546.55,1553.98,1526.0,1526.92,514.55,-1.05
2021-10-12,1525.77,1525.77,1487.13,1494.61,591.58,-2.12
2021-10-13,1497.81,1530.97,1497.81,1528.86,522.37,2.29
2021-10-14,1531.9,1541.85,1526.36,1534.98,561.61,0.4
2021-10-15,1536.75,1550.91,1533.52,1547.82,672.93,0.84
2021-10-18,1549.26,1549.26,1528.91,1541.86,653.64,-0.39
2021-10-19,1543.67,1560.14,1543.67,1556.98,625.5,0.98
2021-10-20,1560.13,1569.68,1556.71,1562.94,726.0,0.38
2021-10-21,1562.93,1565.09,1542.26,1545.65,654.57,-1.11
2021-10-22,1548.47,1559.07,1541.64,1548.32,672.37,0.17
2021-10-25,1553.41,1574.0,1549.57,1574.0,703.5,1.66
2021-10-26,1574.4,1580.44,1566.22,1568.4,772.08,-0.36
2021-10-27,1564.72,1564.72,1542.25,1547.21,882.32,-1.35
2021-10-28,1541.2,1549.93,1533.5,1533.91,888.41,-0.86
2021-10-29,1538.7,1585.19,1538.7,1583.43,821.83,3.23
2021-11-01,1581.86,1604.56,1580.25,1587.52,911.21,0.26
2021-11-02,1588.38,1604.59,1573.52,1581.93,980.77,-0.35
2021-11-03,1584.29,1592.25,1559.41,1575.11,738.39,-0.43
2021-11-04,1580.88,1604.49,1580.88,1597.06,841.1,1.39
2021-11-05,1601.47,1601.47,1581.23,1581.23,911.59,-0.99
2021-11-08,1581.93,1581.93,1566.06,1580.24,808.24,-0.06
2021-11-09,1587.06,1605.71,1587.06,1603.86,874.97,1.5
2021-11-10,1598.45,1607.79,1587.66,1607.57,870.46,0.23
2021-11-11,1605.56,1632.24,1605.56,1627.92,1020.02,1.27
2021-11-12,1627.93,1647.75,1627.81,1644.56,1072.79,1.02
2021-11-15,1645.86,1650.65,1638.46,1639.99,1141.59,-0.28
2021-11-16,1634.93,1644.96,1625.89,1627.03,1030.14,-0.79
2021-11-17,1627.35,1651.21,1624.07,1650.55,977.52,1.45
2021-11-18,1649.21,1649.21,1635.62,1636.94,1023.96,-0.82
2021-11-19,1637.14,1664.11,1637.14,1662.14,938.09,1.54
2021-11-22,1666.08,1702.99,1666.08,1701.05,1121.38,2.34
2021-11-23,1699.5,1706.49,1698.07,1699.62,1057.97,-0.08
2021-11-24,1700.56,1705.24,1691.66,1692.28,1006.67,-0.43
2021-11-25,1691.79,1701.1,1691.79,1693.19,980.61,0.05
2021-11-26,1692.19,1692.66,1678.7,1688.79,910.7,-0.26
2021-11-29,1675.76,1700.4,1675.76,1695.11,1043.64,0.37
2021-11-30,1701.73,1706.81,1692.48,1702.87,1025.63,0.46
2021-12-01,1702.55,1702.55,1679.78,1681.62,896.14,-1.25
2021-12-02,1678.48,1678.48,1648.38,1648.85,904.34,-1.95
2021-12-03,1650.95,1662.5,1650.95,1662.48,848.97,0.83
2021-12-06,1663.92,1663.92,1620.92,1620.92,923.52,-2.5
2021-12-07,1628.24,1628.24,1588.49,1600.15,873.1,-1.28
2021-12-08,1607.85,1632.91,1607.85,1632.41,715.13,2.02
2021-12-09,1633.48,1655.46,1629.34,1652.96,814.6,1.26
2021-12-10,1647.95,1674.17,1647.95,1667.0,1030.3,0.85
2021-12-13,1670.94,1681.92,1669.73,1677.55,853.65,0.63
2021-12-14,1675.73,1684.83,1674.33,1677.01,791.5,-0.03
2021-12-15,1677.76,1679.77,1658.36,1658.36,823.5,-1.11
2021-12-16,1661.38,1666.82,1659.02,1664.59,741.4,0.38
2021-12-17,1664.1,1664.1,1627.12,1628.65,805.42,-2.16
2021-12-20,1619.38,1630.75,1595.32,1595.32,775.14,-2.05
2021-12-21,1597.19,1609.55,1592.51,1608.23,678.54,0.81
2021-12-22,1612.03,1623.84,1610.11,1616.23,759.87,0.5
2021-12-23,1617.34,1619.01,1609.92,1611.97,701.67,-0.26
2021-12-24,1610.91,1610.91,1585.93,1587.76,763.6,-1.5
2021-12-27,1585.2,1591.2,1573.22,1581.28,635.02,-0.41
2021-12-28,1582.65,1600.6,1582.65,1600.2,663.63,1.2
2021-12-29,1601.45,1601.45,1585.53,1588.32,630.4,-0.74
2021-12-30,1590.73,1617.67,1590.73,1612.14,781.68,1.5
2021-12-31,1621.25,1634.81,1621.25,1633.48,784.02,1.32
2022-01-04,1637.34,1637.34,1601.23,1603.79,930.26,-1.82
2022-01-05,1603.04,1603.04,1561.2,1567.27,900.05,-2.28
2022-01-06,1561.18,1567.33,1544.7,1559.46,795.37,-0.5
2022-01-07,1561.6,1566.84,1534.62,1534.67,911.74,-1.59
2022-01-10,1537.29,1554.26,1523.29,1548.28,851.74,0.89
2022-01-11,1548.26,1548.26,1517.0,1519.25,803.58,-1.88
2022-01-12,1523.29,1545.17,1523.29,1545.17,889.04,1.71
2022-01-13,1547.38,1547.38,1518.09,1518.09,825.11,-1.75
2022-01-14,1513.51,1547.07,1513.51,1541.97,997.59,1.57
2022-01-17,1546.21,1572.91,1546.21,1568.76,1046.23,1.74
2022-01-18,1569.56,1582.91,1560.88,1561.87,1118.26,-0.44
2022-01-19,1559.83,1559.83,1538.37,1543.99,875.31,-1.14
2022-01-20,1545.19,1545.7,1510.9,1511.68,912.28,-2.09
2022-01-21,1508.68,1508.68,1484.76,1485.13,864.84,-1.76
2022-01-24,1478.61,1504.16,1478.61,1500.39,703.09,1.03
2022-01-25,1494.71,1496.68,1455.17,1455.17,823.47,-3.01
2022-01-26,1460.24,1466.18,1441.36,1455.85,1514.0,0.05
2022-01-27,1455.52,1455.52,1413.78,1414.19,1118.75,-2.86
2022-01-28,1423.53,1425.1,1399.89,1404.03,906.12,-0.72
2022-02-07,1422.97,1430.73,1404.21,1407.74,819.97,0.27
2022-02-08,1407.3,1407.3,1369.31,1384.57,821.93,-1.65
2022-02-09,1384.64,1394.92,1376.39,1394.61,861.34,0.73
2022-02-10,1398.29,1398.29,1365.48,1369.67,902.06,-1.79
2022-02-11,1363.8,1363.8,1338.07,1338.52,897.51,-2.28
2022-02-14,1329.96,1347.03,1328.3,1335.34,620.56,-0.24
2022-02-15,1339.11,1372.07,1339.11,1371.31,744.1,2.69
2022-02-16,1378.29,1379.82,1369.65,1371.0,708.43,-0.02
2022-02-17,1370.1,1390.94,1370.1,1380.19,740.29,0.67
2022-02-18,1372.87,1373.99,1365.86,1373.83,639.69,-0.46
2022-02-21,1375.89,1377.4,1365.2,1367.49,757.67,-0.46
2022-02-22,1359.09,1359.09,1337.69,1356.41,769.68,-0.81
2022-02-23,1356.16,1414.01,1356.16,1412.19,906.86,4.11
2022-02-24,1409.1,1422.69,1373.31,1388.67,1133.15,-1.67
2022-02-25,1406.53,1431.44,1406.53,1418.76,862.07,2.17
2022-02-28,1423.81,1431.97,1413.52,1431.97,981.22,0.93
2022-03-01,1438.52,1438.52,1418.65,1424.18,856.83,-0.54
2022-03-02,1419.06,1419.06,1401.91,1416.87,720.87,-0.51
2022-03-03,1422.55,1422.55,1393.18,1393.22,762.09,-1.67
2022-03-04,1384.66,1412.63,1383.18,1386.88,776.78,-0.46
2022-03-07,1381.54,1381.54,1345.59,1350.13,818.44,-2.65
2022-03-08,1348.77,1359.81,1316.04,1316.04,967.23,-2.53
2022-03-09,1325.11,1328.41,1261.47,1301.78,1091.74,-1.08
2022-03-10,1337.86,1347.72,1329.22,1329.63,1022.89,2.14
2022-03-11,1314.58,1342.05,1301.22,1341.78,1055.32,0.91
2022-03-14,1336.19,1336.19,1298.27,1298.27,892.35,-3.24
2022-03-15,1286.26,1305.9,1251.33,1251.33,1062.2,-3.62
2022-03-16,1273.97,1289.38,1227.3,1288.36,1159.0,2.96
2022-03-17,1308.88,1333.13,1308.88,1313.23,1198.04,1.93
2022-03-18,1308.37,1311.99,1294.57,1311.99,859.4,-0.09
2022-03-21,1313.16,1330.81,1313.16,1326.03,924.29,1.07
2022-03-22,1321.72,1321.72,1305.06,1307.39,1010.01,-1.41
2022-03-23,1312.14,1324.84,1304.11,1317.26,899.06,0.76
2022-03-24,1310.01,1310.01,1290.67,1302.27,813.42,-1.14
2022-03-25,1303.99,1307.45,1273.05,1273.05,733.87,-2.24
2022-03-28,1266.1,1268.23,1252.51,1257.34,673.44,-1.23
2022-03-29,1264.2,1268.09,1243.45,1243.56,696.61,-1.1
2022-03-30,1250.33,1280.58,1250.33,1280.58,738.22,2.98
2022-03-31,1277.72,1277.72,1257.84,1260.84,749.38,-1.54
2022-04-01,1255.98,1262.11,1245.59,1258.01,656.33,-0.22
2022-04-06,1257.06,1257.06,1227.91,1232.73,759.33,-2.01
2022-04-07,1225.95,1226.56,1204.96,1204.96,719.94,-2.25
2022-04-08,1204.17,1206.13,1183.82,1192.59,718.52,-1.03
2022-04-11,1188.72,1188.72,1143.87,1146.55,737.66,-3.86
2022-04-12,1147.01,1156.89,1127.11,1156.89,664.35,0.9
2022-04-13,1152.54,1152.54,1127.07,1127.07,572.85,-2.58
2022-04-14,1134.38,1149.51,1127.0,1142.0,662.4,1.33
2022-04-15,1134.65,1138.05,1119.28,1132.94,672.48,-0.79
2022-04-18,1127.97,1166.01,1125.12,1165.04,708.76,2.83
2022-04-19,1162.98,1167.77,1144.69,1147.15,615.88,-1.54
2022-04-20,1147.04,1148.92,1130.91,1131.71,607.86,-1.35
2022-04-21,1127.08,1143.73,1103.23,1105.47,686.54,-2.32
2022-04-22,1101.78,1105.27,1087.77,1089.0,636.0,-1.49
2022-04-25,1073.39,1073.39,1016.57,1016.57,913.6,-6.65
2022-04-26,1019.35,1034.43,997.0,998.22,805.95,-1.81
2022-04-27,987.29,1049.02,981.44,1048.2,928.71,5.01
2022-04-28,1039.65,1047.44,1027.04,1037.1,879.33,-1.06
2022-04-29,1040.6,1085.0,1037.72,1083.88,973.89,4.51
2022-05-05,1081.91,1108.2,1081.91,1095.14,859.04,1.04
2022-05-06,1069.58,1097.61,1069.58,1082.39,718.35,-1.16
2022-05-09,1078.97,1095.58,1078.97,1088.78,676.53,0.59
2022-05-10,1077.1,1125.39,1077.1,1119.12,837.45,2.79
2022-05-11,1121.51,1173.5,1121.51,1145.84,1064.81,2.39
2022-05-12,1141.62,1160.06,1141.62,1154.45,813.19,0.75
2022-05-13,1160.43,1160.43,1144.63,1153.7,662.23,-0.07
2022-05-16,1160.78,1168.18,1141.74,1142.62,761.28,-0.96
2022-05-17,1142.09,1160.02,1137.39,1157.73,734.26,1.32
2022-05-18,1159.06,1170.54,1159.06,1163.88,672.01,0.53
2022-05-19,1150.3,1190.16,1150.3,1190.16,790.28,2.26
2022-05-20,1196.33,1203.34,1186.24,1203.34,806.07,1.11
2022-05-23,1204.82,1208.74,1193.07,1207.92,755.25,0.38
2022-05-24,1207.42,1207.42,1153.55,1153.55,914.65,-4.5
2022-05-25,1153.62,1164.2,1150.24,1163.52,640.8,0.86
2022-05-26,1163.76,1169.61,1143.83,1161.15,679.3,-0.2
2022-05-27,1166.06,1171.87,1147.21,1153.29,683.58,-0.68
2022-05-30,1157.87,1169.97,1149.38,1168.44,711.06,1.31
2022-05-31,1172.46,1205.51,1160.42,1205.51,1229.6,3.17
2022-06-01,1201.94,1220.95,1201.94,1215.32,1325.75,0.81
2022-06-02,1213.35,1273.53,1213.35,1272.78,1916.11,4.73
2022-06-06,1280.29,1333.05,1280.29,1323.14,2294.04,3.96
2022-06-07,1324.91,1324.91,1301.21,1309.51,1652.78,-1.03
2022-06-08,1306.51,1322.32,1282.65,1303.82,1505.66,-0.43
2022-06-09,1302.02,1302.02,1264.42,1270.59,1137.76,-2.55
2022-06-10,1263.25,1293.85,1263.25,1293.85,1292.36,1.83
2022-06-13,1281.37,1293.92,1279.26,1288.17,1124.27,-0.44
2022-06-14,1274.11,1274.11,1229.74,1265.81,1127.41,-1.74
2022-06-15,1265.41,1283.95,1254.87,1256.86,1120.45,-0.71
2022-06-16,1259.47,1296.0,1259.47,1281.58,1012.98,1.97
2022-06-17,1273.16,1299.71,1270.19,1298.23,1061.73,1.3
2022-06-20,1305.12,1318.1,1297.61,1304.13,1097.06,0.45
2022-06-21,1304.74,1304.74,1275.81,1286.07,1054.5,-1.38
2022-06-22,1288.1,1289.37,1266.89,1266.89,1078.61,-1.49
2022-06-23,1268.33,1296.15,1260.13,1296.15,1101.65,2.31
2022-06-24,1300.95,1322.94,1300.95,1313.91,1257.4,1.37
2022-06-27,1323.72,1328.24,1313.31,1319.0,1183.74,0.39
2022-06-28,1321.51,1331.84,1299.25,1331.84,1249.34,0.97
2022-06-29,1326.25,1332.73,1296.81,1297.0,1343.5,-2.62
2022-06-30,1298.71,1327.88,1296.48,1316.3,1169.9,1.49
2022-07-01,1317.9,1317.9,1295.59,1299.37,1127.25,-1.29
2022-07-04,1298.31,1315.91,1284.51,1315.02,1215.85,1.2
2022-07-05,1317.42,1318.45,1288.65,1303.01,1086.47,-0.91
2022-07-06,1302.7,1325.72,1299.57,1311.71,1109.89,0.67
2022-07-07,1313.85,1319.66,1293.22,1317.89,1072.29,0.47
2022-07-08,1324.91,1326.68,1311.81,1312.62,1021.71,-0.4
2022-07-11,1308.17,1308.17,1279.93,1291.73,989.26,-1.59
2022-07-12,1291.19,1291.19,1250.01,1250.01,991.69,-3.23
2022-07-13,1252.13,1263.44,1241.41,1255.6,899.54,0.45
2022-07-14,1255.69,1296.1,1255.69,1288.47,1038.65,2.62
2022-07-15,1285.94,1304.48,1281.68,1281.68,1000.24,-0.53
2022-07-18,1285.26,1288.67,1267.2,1286.58,1070.26,0.38
2022-07-19,1286.71,1294.52,1275.87,1284.96,1076.96,-0.13
2022-07-20,1289.14,1307.72,1289.14,1306.34,1086.98,1.66
2022-07-21,1306.49,1337.07,1306.49,1320.36,1194.11,1.07
2022-07-22,1324.66,1328.32,1304.79,1313.26,1134.55,-0.54
2022-07-25,1313.53,1324.32,1298.24,1300.25,1054.5,-0.99
2022-07-26,1299.3,1313.16,1289.07,1313.04,993.53,0.98
2022-07-27,1312.43,1340.03,1312.43,1339.69,1078.19,2.03
2022-07-28,1346.81,1367.57,1345.29,1359.71,1296.55,1.49
2022-07-29,1365.69,1365.69,1343.77,1344.65,1199.93,-1.11
2022-08-01,1338.68,1356.79,1322.41,1356.79,1177.4,0.9
2022-08-02,1339.96,1353.21,1320.52,1339.2,1471.06,-1.3
2022-08-03,1343.12,1371.04,1339.96,1340.09,1608.64,0.07
2022-08-04,1346.94,1357.38,1338.06,1351.54,1289.34,0.86
2022-08-05,1356.03,1397.81,1356.03,1397.74,1817.1,3.42
2022-08-08,1400.62,1406.51,1388.31,1406.0,1611.87,0.59
2022-08-09,1403.72,1421.14,1396.61,1420.84,1450.88,1.06
2022-08-10,1414.75,1432.14,1414.75,1425.09,1427.28,0.3
2022-08-11,1432.47,1443.81,1422.13,1441.72,1437.47,1.17
2022-08-12,1438.25,1438.25,1406.31,1406.31,1459.24,-2.46
2022-08-15,1403.84,1416.41,1403.84,1409.75,1217.24,0.25
2022-08-16,1410.06,1425.79,1406.56,1408.86,1257.22,-0.06
2022-08-17,1409.9,1412.8,1402.21,1406.6,1272.45,-0.16
2022-08-18,1405.68,1430.21,1405.68,1429.33,1523.63,1.62
2022-08-19,1429.66,1435.25,1384.54,1384.54,1658.91,-3.13
2022-08-22,1379.57,1386.94,1374.36,1386.01,1358.86,0.11
2022-08-23,1385.62,1396.24,1385.36,1387.94,1244.46,0.14
2022-08-24,1390.65,1390.65,1333.74,1333.74,1461.18,-3.91
2022-08-25,1336.9,1336.9,1300.69,1312.81,1231.71,-1.57
2022-08-26,1320.47,1329.01,1297.01,1299.32,1130.57,-1.03
2022-08-29,1283.4,1320.91,1283.4,1314.75,1076.97,1.19
2022-08-30,1315.03,1319.6,1304.09,1306.2,979.44,-0.65
2022-08-31,1303.86,1303.86,1270.08,1271.91,1190.74,-2.63
2022-09-01,1274.61,1283.52,1267.99,1268.5,1026.11,-0.27
2022-09-02,1270.04,1287.46,1265.08,1280.08,991.18,0.91
2022-09-05,1281.74,1290.78,1270.43,1276.75,1006.12,-0.26
2022-09-06,1280.28,1299.57,1269.49,1299.57,999.8,1.79
2022-09-07,1295.47,1332.06,1295.47,1319.01,1068.76,1.5
2022-09-08,1319.05,1323.48,1303.86,1303.86,908.15,-1.15
2022-09-09,1303.55,1303.55,1283.71,1294.63,818.75,-0.71
2022-09-13,1296.96,1306.25,1292.09,1296.39,836.22,0.14
2022-09-14,1280.03,1294.24,1279.98,1293.83,831.43,-0.2
2022-09-15,1297.95,1297.95,1236.3,1248.42,1133.77,-3.51
2022-09-16,1245.67,1268.22,1243.33,1243.33,929.54,-0.41
2022-09-19,1243.27,1246.1,1213.34,1217.66,922.26,-2.06
2022-09-20,1223.93,1244.72,1222.01,1230.39,767.03,1.05
2022-09-21,1227.71,1230.43,1214.6,1216.34,864.99,-1.14
2022-09-22,1210.17,1239.06,1210.17,1224.38,807.54,0.66
2022-09-23,1224.76,1224.76,1192.32,1196.86,922.33,-2.25
2022-09-26,1190.29,1216.87,1190.29,1197.02,1087.9,0.01
2022-09-27,1200.12,1222.24,1200.12,1222.24,1026.51,2.11
2022-09-28,1220.8,1221.02,1190.52,1190.52,945.07,-2.6
2022-09-29,1198.4,1209.91,1191.71,1200.86,881.72,0.87
2022-09-30,1197.52,1197.52,1170.61,1170.61,806.46,-2.52
2022-10-10,1167.19,1167.19,1120.86,1123.34,922.66,-4.04
2022-10-11,1124.75,1128.59,1116.54,1119.18,800.26,-0.37
2022-10-12,1118.12,1162.16,1102.0,1162.16,1078.91,3.84
2022-10-13,1155.38,1186.26,1155.38,1173.7,1121.0,0.99
2022-10-14,1186.92,1221.53,1181.74,1217.8,1375.53,3.76
2022-10-17,1214.95,1234.57,1214.95,1233.94,1440.47,1.33
2022-10-18,1238.21,1246.12,1227.04,1238.81,1325.45,0.4
2022-10-19,1236.3,1240.26,1227.01,1227.01,1182.43,-0.95
2022-10-20,1221.99,1252.46,1211.13,1236.02,1349.22,0.73
2022-10-21,1235.63,1250.54,1224.96,1245.98,1233.93,0.81
2022-10-24,1247.96,1269.3,1237.18,1242.8,1326.38,-0.26
2022-10-25,1236.77,1251.87,1221.45,1239.82,1203.23,-0.24
2022-10-26,1241.85,1285.12,1241.85,1280.36,1494.49,3.27
2022-10-27,1284.39,1291.4,1266.42,1266.42,1510.46,-1.09
2022-10-28,1254.59,1274.03,1237.8,1240.42,1444.23,-2.05
2022-10-31,1235.69,1268.02,1235.69,1256.02,1654.67,1.26
2022-11-01,1258.33,1279.54,1246.13,1277.82,1502.62,1.74
2022-11-02,1276.25,1313.04,1276.25,1302.58,1691.74,1.94
2022-11-03,1292.17,1322.6,1292.17,1321.4,1459.7,1.45
2022-11-04,1324.75,1348.28,1322.34,1343.54,1553.44,1.68
2022-11-07,1341.52,1347.81,1327.65,1331.45,1511.21,-0.9
2022-11-08,1332.61,1332.61,1312.9,1322.39,1250.65,-0.68
2022-11-09,1321.67,1328.5,1311.12,1311.51,1148.72,-0.82
2022-11-10,1306.98,1314.65,1287.8,1289.32,1473.61,-1.69
2022-11-11,1323.83,1323.83,1288.13,1288.13,1765.43,-0.09
2022-11-14,1285.84,1291.85,1274.51,1281.41,1355.29,-0.52
2022-11-15,1281.47,1320.46,1281.47,1320.46,1593.99,3.05
2022-11-16,1322.89,1322.89,1301.34,1303.85,1331.65,-1.26
2022-11-17,1298.68,1312.66,1282.01,1312.66,1340.84,0.68
2022-11-18,1311.22,1321.95,1301.06,1301.81,1429.96,-0.83
2022-11-21,1295.38,1308.81,1290.63,1308.81,1222.18,0.54
2022-11-22,1306.08,1306.08,1278.38,1282.57,1419.91,-2.01
2022-11-23,1280.98,1283.42,1249.56,1278.76,1412.72,-0.3
2022-11-24,1281.23,1288.1,1274.41,1279.34,1148.75,0.05
2022-11-25,1276.43,1276.43,1255.28,1255.29,1134.33,-1.88
2022-11-28,1237.88,1252.29,1237.88,1246.18,1145.22,-0.73
2022-11-29,1248.58,1261.02,1245.88,1255.96,1261.93,0.79
2022-11-30,1255.23,1255.23,1241.57,1248.27,1219.51,-0.61
2022-12-01,1260.41,1270.29,1258.08,1266.25,1313.55,1.44
2022-12-02,1262.96,1286.72,1262.96,1272.84,1260.12,0.52
2022-12-05,1280.67,1280.67,1261.56,1267.58,1504.12,-0.41
2022-12-06,1264.76,1278.7,1260.3,1268.07,1305.98,0.04
2022-12-07,1265.16,1274.52,1261.1,1264.92,1210.51,-0.25
2022-12-08,1263.68,1264.72,1257.53,1258.27,1235.87,-0.53
2022-12-09,1260.08,1266.69,1254.37,1257.9,1683.72,-0.03
2022-12-12,1256.1,1267.87,1250.68,1264.12,1401.64,0.5
2022-12-13,1262.69,1262.69,1239.61,1239.89,1126.63,-1.92
2022-12-14,1250.58,1250.58,1233.45,1234.28,1125.91,-0.45
2022-12-15,1234.04,1245.11,1234.04,1243.3,960.8,0.73
2022-12-16,1238.78,1238.78,1220.03,1223.36,1089.71,-1.6
2022-12-19,1220.27,1220.27,1194.97,1196.76,976.71,-2.18
2022-12-20,1195.74,1197.94,1188.97,1191.12,800.46,-0.47
2022-12-21,1190.15,1190.15,1170.32,1174.67,770.96,-1.38
2022-12-22,1178.13,1178.13,1155.84,1158.33,813.0,-1.39
2022-12-23,1152.44,1153.53,1142.53,1149.96,869.3,-0.72
2022-12-26,1150.77,1187.82,1150.77,1187.65,961.23,3.28
2022-12-27,1189.03,1204.41,1181.99,1203.18,925.9,1.31
2022-12-28,1200.07,1200.43,1192.11,1193.1,873.11,-0.84
2022-12-29,1191.36,1208.74,1191.36,1199.46,830.26,0.53
2022-12-30,1201.78,1207.57,1196.79,1196.79,786.94,-0.22
2023-01-03,1197.32,1228.36,1196.1,1227.37,1126.07,2.56
2023-01-04,1231.56,1231.56,1213.6,1221.55,996.96,-0.47
2023-01-05,1222.58,1239.71,1220.89,1238.53,1043.19,1.39
2023-01-06,1240.23,1258.79,1240.23,1247.33,1144.46,0.71
2023-01-09,1251.46,1258.65,1247.06,1249.74,1038.18,0.19
2023-01-10,1251.5,1257.35,1250.86,1253.79,954.59,0.32
2023-01-11,1254.12,1254.91,1233.28,1233.28,993.56,-1.64
2023-01-12,1236.17,1239.21,1231.56,1234.38,915.67,0.09
2023-01-13,1236.92,1237.7,1230.46,1237.43,913.22,0.25
2023-01-16,1236.79,1270.73,1236.79,1261.54,1329.55,1.95
2023-01-17,1265.7,1274.65,1265.7,1272.45,1053.01,0.87
2023-01-18,1275.85,1277.88,1272.79,1275.03,938.44,0.2
2023-01-19,1272.9,1298.26,1272.9,1298.26,1042.9,1.82
2023-01-20,1300.88,1307.51,1297.48,1301.94,987.86,0.28
2023-01-30,1316.98,1316.98,1305.26,1305.26,1477.16,0.26
2023-01-31,1300.92,1302.24,1289.56,1289.66,1195.07,-1.2
2023-02-01,1292.07,1311.01,1290.88,1311.01,1326.52,1.66
2023-02-02,1314.14,1331.07,1314.14,1321.18,1508.96,0.78
2023-02-03,1319.21,1326.5,1306.89,1326.47,1343.65,0.4
2023-02-06,1324.34,1328.87,1313.45,1318.59,1347.21,-0.59
2023-02-07,1318.58,1322.84,1311.61,1316.85,1346.82,-0.13
2023-02-08,1317.71,1321.43,1306.25,1306.25,1241.2,-0.81
2023-02-09,1302.86,1339.14,1302.86,1338.65,1525.03,2.48
2023-02-10,1336.33,1338.97,1318.45,1325.56,1550.09,-0.98
2023-02-13,1322.77,1337.69,1322.77,1331.91,1468.0,0.48
2023-02-14,1335.88,1335.88,1322.65,1330.56,1333.6,-0.1
2023-02-15,1330.4,1334.31,1323.43,1333.56,1451.31,0.23
2023-02-16,1332.01,1336.46,1299.43,1301.88,1871.6,-2.38
2023-02-17,1299.96,1300.86,1277.69,1277.69,1331.51,-1.86
2023-02-20,1276.45,1289.51,1268.94,1288.71,1294.07,0.86
2023-02-21,1289.06,1291.23,1277.51,1284.96,1256.08,-0.29
2023-02-22,1278.16,1287.85,1278.16,1285.83,1147.1,0.07
2023-02-23,1285.21,1293.04,1283.41,1287.52,1155.51,0.13
2023-02-24,1290.57,1294.74,1280.63,1283.1,1036.51,-0.34
2023-02-27,1280.24,1285.05,1271.82,1273.53,1310.57,-0.75
2023-02-28,1278.3,1280.94,1267.45,1279.31,1303.02,0.45
2023-03-01,1279.26,1287.02,1274.42,1286.49,1692.35,0.56
2023-03-02,1286.21,1287.15,1272.48,1272.97,1698.74,-1.05
2023-03-03,1278.11,1285.44,1266.85,1277.55,1572.96,0.36
2023-03-06,1278.44,1301.12,1276.26,1297.86,1689.47,1.59
2023-03-07,1296.58,1296.58,1270.32,1270.37,1656.11,-2.12
2023-03-08,1268.59,1279.45,1268.59,1277.52,1391.85,0.56
2023-03-09,1278.04,1288.48,1278.04,1283.73,1456.36,0.49
2023-03-10,1276.46,1287.6,1272.12,1275.72,1565.82,-0.62
2023-03-13,1273.43,1278.95,1268.84,1278.77,1544.41,0.24
2023-03-14,1277.03,1286.11,1258.93,1281.74,1884.41,0.23
2023-03-15,1286.23,1299.64,1278.14,1278.28,1720.26,-0.27
2023-03-16,1272.43,1276.65,1253.15,1255.02,1608.21,-1.82
2023-03-17,1263.65,1277.48,1261.7,1267.75,1970.72,1.02
2023-03-20,1268.58,1280.36,1257.12,1272.97,2020.96,0.41
2023-03-21,1273.3,1289.87,1271.96,1289.87,1598.32,1.33
2023-03-22,1292.11,1295.45,1287.94,1292.58,1705.96,0.21
2023-03-23,1288.22,1307.04,1288.22,1307.04,2008.55,1.12
2023-03-24,1308.01,1308.67,1301.03,1306.77,2000.53,-0.02
2023-03-27,1305.75,1318.33,1296.91,1309.56,2089.59,0.21
2023-03-28,1310.95,1310.95,1288.34,1289.43,1747.01,-1.54
2023-03-29,1290.45,1317.95,1287.69,1306.51,1807.84,1.33
2023-03-30,1309.26,1314.83,1298.7,1309.78,1625.26,0.25
2023-03-31,1308.99,1319.54,1305.83,1319.54,1605.62,0.75
2023-04-03,1326.53,1351.92,1326.53,1351.35,2234.57,2.41
2023-04-04,1348.71,1360.29,1343.03,1350.4,2690.58,-0.07
2023-04-06,1345.11,1380.03,1345.11,1370.11,2653.89,1.46
2023-04-07,1372.82,1391.67,1372.82,1391.53,2242.47,1.56
2023-04-10,1395.1,1397.18,1364.57,1366.39,2607.57,-1.81
2023-04-11,1369.32,1371.71,1347.62,1359.55,2130.24,-0.5
2023-04-12,1358.76,1372.55,1357.93,1370.47,2128.82,0.8
2023-04-13,1365.38,1367.46,1346.72,1347.86,2164.2,-1.65
2023-04-14,1354.9,1377.71,1344.33,1376.87,2362.56,2.15
2023-04-17,1375.72,1386.23,1371.52,1377.73,2211.62,0.06
2023-04-18,1371.83,1373.85,1358.87,1368.3,1934.74,-0.69
2023-04-19,1368.7,1383.66,1366.45,1368.82,2011.46,0.04
2023-04-20,1369.89,1381.63,1369.89,1379.79,2722.91,0.8
2023-04-21,1377.22,1377.22,1331.28,1331.28,2865.1,-3.52
2023-04-24,1329.64,1329.64,1297.71,1302.53,2310.16,-2.16
2023-04-25,1301.4,1302.51,1267.59,1278.32,2259.76,-1.86
2023-04-26,1275.21,1293.84,1273.61,1278.38,2274.58,0.0
2023-04-27,1274.51,1290.78,1273.71,1280.64,1898.73,0.18
2023-04-28,1275.53,1298.23,1275.53,1297.95,2060.4,1.35
2023-05-04,1289.49,1289.49,1274.11,1277.28,2008.42,-1.59
2023-05-05,1275.57,1275.57,1254.67,1257.47,1963.73,-1.55
2023-05-08,1259.07,1260.52,1249.94,1257.19,1797.42,-0.02
2023-05-09,1258.25,1258.25,1232.61,1232.61,1903.06,-1.96
2023-05-10,1229.9,1232.37,1215.4,1227.22,2288.57,-0.44
2023-05-11,1234.13,1235.93,1228.6,1228.6,1758.83,0.11
2023-05-12,1228.22,1233.41,1214.53,1214.53,1595.64,-1.15
2023-05-15,1214.41,1233.17,1212.42,1233.17,1683.61,1.54
2023-05-16,1235.86,1243.65,1231.0,1234.48,1761.41,0.11
2023-05-17,1233.23,1242.17,1233.23,1241.89,1686.49,0.6
2023-05-18,1243.55,1251.51,1242.22,1249.13,1911.88,0.58
2023-05-19,1252.55,1268.08,1252.55,1259.8,2030.32,0.85
2023-05-22,1259.91,1259.91,1251.65,1256.8,1655.48,-0.24
2023-05-23,1255.84,1260.46,1245.88,1245.88,1524.04,-0.87
2023-05-24,1241.52,1257.12,1239.46,1245.84,1725.31,0.0
2023-05-25,1249.56,1253.69,1237.56,1253.6,1664.28,0.62
2023-05-26,1254.41,1268.44,1251.73,1267.24,1563.44,1.09
2023-05-29,1271.84,1271.84,1259.46,1260.85,1865.99,-0.5
2023-05-30,1258.57,1271.69,1252.45,1270.51,1745.8,0.77
2023-05-31,1269.0,1278.33,1266.73,1278.33,1880.44,0.62
2023-06-01,1274.42,1287.4,1271.96,1277.11,2042.63,-0.1
2023-06-02,1280.0,1284.29,1273.1,1277.07,1811.29,0.0
2023-06-05,1283.61,1284.84,1271.37,1272.74,1750.22,-0.34
2023-06-06,1270.04,1270.04,1235.49,1235.98,1842.64,-2.89
2023-06-07,1237.35,1239.83,1232.28,1235.96,1577.85,0.0
2023-06-08,1232.2,1232.2,1217.76,1219.72,1772.75,-1.31
2023-06-09,1221.16,1247.69,1219.83,1247.69,2468.43,2.29
2023-06-12,1246.21,1249.38,1241.89,1245.58,2011.09,-0.17
2023-06-13,1245.49,1259.22,1242.22,1256.49,1898.85,0.88
2023-06-14,1256.41,1258.81,1249.37,1255.69,1904.9,-0.06
2023-06-15,1257.24,1261.11,1256.59,1259.01,2122.39,0.26
2023-06-16,1259.41,1276.82,1259.32,1275.96,2113.28,1.35
2023-06-19,1276.61,1291.44,1274.46,1287.79,2370.32,0.93
2023-06-20,1288.0,1294.81,1279.25,1292.32,2379.46,0.35
2023-06-21,1288.94,1288.94,1253.75,1253.75,2102.34,-2.98
2023-06-26,1243.27,1255.93,1230.25,1232.16,1988.42,-1.72
2023-06-27,1232.72,1242.04,1232.72,1238.59,1778.8,0.52
2023-06-28,1242.67,1242.67,1215.05,1231.87,1858.66,-0.54
2023-06-29,1229.81,1241.61,1229.81,1236.04,1758.31,0.34
2023-06-30,1233.9,1250.75,1233.9,1247.41,1896.44,0.92
2023-07-03,1250.35,1256.79,1243.08,1249.18,2038.23,0.14
2023-07-04,1249.4,1265.52,1247.26,1263.32,1959.01,1.13
2023-07-05,1261.87,1264.22,1247.25,1248.25,1775.84,-1.19
2023-07-06,1246.64,1254.87,1242.96,1244.12,1523.16,-0.33
2023-07-07,1242.27,1242.27,1227.06,1229.96,1559.1,-1.14
2023-07-10,1232.63,1238.64,1228.43,1232.03,1414.9,0.17
2023-07-11,1234.52,1246.12,1234.52,1245.89,1514.59,1.13
2023-07-12,1245.72,1245.72,1223.27,1224.4,1663.12,-1.73
2023-07-13,1228.95,1238.83,1228.95,1237.3,1589.63,1.05
2023-07-14,1241.29,1241.29,1231.15,1231.99,1680.43,-0.43
2023-07-17,1230.01,1230.01,1218.46,1222.64,1404.6,-0.76
2023-07-18,1223.35,1225.79,1216.83,1217.09,1412.83,-0.45
2023-07-19,1221.93,1221.93,1206.4,1207.85,1293.92,-0.76
2023-07-20,1210.9,1210.9,1187.25,1187.69,1440.46,-1.67
2023-07-21,1185.83,1189.39,1175.99,1178.44,1279.28,-0.78
2023-07-24,1178.97,1185.74,1174.86,1175.74,1158.84,-0.23
2023-07-25,1186.75,1190.96,1181.14,1190.41,1320.41,1.25
2023-07-26,1189.93,1193.79,1184.03,1186.21,1218.92,-0.35
2023-07-27,1186.83,1187.3,1171.33,1171.9,1247.37,-1.21
2023-07-28,1170.1,1180.39,1164.36,1179.82,1385.6,0.68
2023-07-31,1180.31,1188.86,1178.33,1181.57,1525.39,0.15
2023-08-01,1181.96,1183.54,1176.5,1179.87,1316.77,-0.14
2023-08-02,1178.67,1182.25,1177.25,1179.1,1240.38,-0.07
2023-08-03,1174.88,1184.95,1174.88,1182.18,1196.27,0.26
2023-08-04,1184.04,1186.66,1178.28,1184.32,1358.85,0.18
2023-08-07,1182.89,1182.89,1172.14,1174.9,1422.59,-0.8
2023-08-08,1173.57,1174.04,1168.33,1168.5,1172.37,-0.55
2023-08-09,1165.05,1169.53,1160.81,1161.3,1170.71,-0.62
2023-08-10,1159.88,1165.89,1158.26,1162.97,1061.99,0.14
2023-08-11,1163.74,1163.74,1142.07,1142.07,1178.32,-1.8
2023-08-14,1133.69,1135.73,1119.77,1135.33,1225.05,-0.59
2023-08-15,1138.09,1138.09,1111.29,1119.38,1434.88,-1.41
2023-08-16,1117.68,1120.29,1099.85,1099.85,1264.59,-1.75
2023-08-17,1098.31,1115.17,1094.97,1111.2,1330.43,1.03
2023-08-18,1120.74,1124.1,1103.87,1103.87,1681.88,-0.66
2023-08-21,1100.64,1105.41,1089.32,1089.32,1361.53,-1.32
2023-08-22,1092.09,1094.7,1066.74,1093.66,1588.14,0.4
2023-08-23,1092.98,1092.98,1066.42,1066.42,1268.16,-2.49
2023-08-24,1071.46,1083.18,1064.06,1073.45,1445.86,0.66
2023-08-25,1069.28,1069.28,1047.88,1052.37,1562.56,-1.96
2023-08-28,1120.37,1120.37,1055.65,1056.85,2005.19,0.43
2023-08-29,1054.43,1111.5,1054.43,1109.47,2383.07,4.98
2023-08-30,1121.11,1143.14,1121.11,1138.54,2772.68,2.62
2023-08-31,1134.97,1143.28,1131.33,1138.88,2392.57,0.03
2023-09-01,1140.0,1140.0,1122.95,1129.71,1755.69,-0.81
2023-09-04,1132.34,1132.34,1118.04,1130.97,1801.23,0.11
2023-09-05,1130.46,1135.05,1122.1,1124.03,1721.2,-0.61
2023-09-06,1120.83,1133.13,1116.66,1132.48,1822.73,0.75
2023-09-07,1130.13,1130.13,1102.12,1102.12,1795.01,-2.68
2023-09-08,1097.93,1115.65,1097.93,1110.03,1751.05,0.72
2023-09-11,1111.85,1130.96,1111.85,1123.93,2096.83,1.25
2023-09-12,1122.94,1127.84,1117.42,1119.4,1568.62,-0.4
2023-09-13,1117.3,1117.3,1095.2,1104.52,1529.05,-1.33
2023-09-14,1103.58,1103.58,1086.21,1090.87,1310.81,-1.24
2023-09-15,1093.5,1104.81,1083.44,1097.53,1594.5,0.61
2023-09-18,1091.65,1102.58,1091.65,1094.07,1438.97,-0.32
2023-09-19,1094.72,1094.72,1080.27,1083.3,1253.07,-0.99
2023-09-20,1080.42,1081.78,1070.53,1070.53,1152.63,-1.18
2023-09-21,1067.34,1070.93,1062.78,1063.44,1075.66,-0.66
2023-09-22,1063.47,1092.04,1060.88,1092.04,1516.81,2.69
2023-09-25,1091.22,1091.22,1083.63,1086.86,1504.33,-0.48
2023-09-26,1087.25,1095.3,1084.37,1086.17,1408.88,-0.06
2023-09-27,1087.08,1099.65,1087.08,1096.5,1584.14,0.95
2023-09-28,1098.02,1106.4,1095.83,1104.85,1465.78,0.76
2023-10-09,1102.2,1102.2,1094.76,1098.19,1453.27,-0.6
2023-10-10,1100.2,1102.83,1092.18,1092.37,1472.81,-0.53
2023-10-11,1096.43,1112.79,1095.89,1107.56,1769.49,1.39
2023-10-12,1111.74,1112.43,1103.12,1112.2,1600.61,0.42
2023-10-13,1107.57,1107.81,1101.43,1105.43,1636.54,-0.61
2023-10-16,1106.02,1106.02,1080.72,1084.38,1690.98,-1.9
2023-10-17,1084.9,1087.06,1074.91,1086.34,1440.58,0.18
2023-10-18,1087.1,1087.1,1068.05,1068.2,1400.92,-1.67
2023-10-19,1063.31,1079.31,1063.31,1067.4,1660.41,-0.08
2023-10-20,1063.71,1067.24,1053.09,1054.15,1531.97,-1.24
2023-10-23,1050.0,1050.0,1026.43,1030.39,1530.44,-2.25
2023-10-24,1034.45,1049.15,1027.35,1048.02,1542.0,1.71
2023-10-25,1055.93,1060.51,1050.26,1051.56,1568.99,0.34
2023-10-26,1044.6,1056.46,1039.62,1055.61,1546.5,0.39
2023-10-27,1051.57,1080.69,1049.15,1075.48,1997.62,1.88
2023-10-30,1073.66,1105.78,1073.66,1102.89,2426.22,2.55
2023-10-31,1104.23,1104.23,1091.44,1097.25,2032.41,-0.51
2023-11-01,1097.13,1099.01,1091.21,1092.42,1608.62,-0.44
2023-11-02,1094.17,1094.73,1075.66,1075.66,1469.64,-1.53
2023-11-03,1078.24,1100.39,1078.24,1098.96,1736.17,2.17
2023-11-06,1106.96,1129.89,1106.96,1129.06,2258.88,2.74
2023-11-07,1126.95,1135.42,1123.81,1132.7,1979.81,0.32
2023-11-08,1132.9,1147.13,1132.9,1141.5,2214.68,0.78
2023-11-09,1141.55,1147.94,1131.72,1132.82,2071.17,-0.76
2023-11-10,1128.52,1135.69,1126.72,1131.93,1688.3,-0.08
2023-11-13,1136.1,1141.31,1133.22,1139.64,1787.55,0.68
2023-11-14,1140.17,1154.1,1140.17,1153.95,2110.13,1.26
2023-11-15,1165.4,1165.4,1152.69,1154.51,2291.83,0.05
2023-11-16,1151.16,1151.16,1137.55,1137.55,1871.88,-1.47
2023-11-17,1136.01,1146.89,1136.01,1146.89,1813.49,0.82
2023-11-20,1148.46,1156.36,1141.49,1154.07,2150.11,0.63
2023-11-21,1154.44,1154.64,1141.91,1143.1,1963.02,-0.95
2023-11-22,1140.11,1142.46,1123.85,1123.85,1691.56,-1.68
2023-11-23,1123.57,1135.97,1119.65,1135.89,1518.77,1.07
2023-11-24,1134.18,1134.18,1114.22,1115.99,1460.32,-1.75
2023-11-27,1116.36,1127.31,1115.48,1125.11,1663.49,0.82
2023-11-28,1124.6,1137.47,1123.52,1135.56,1662.17,0.93
2023-11-29,1135.31,1141.4,1131.03,1131.03,1636.35,-0.4
2023-11-30,1130.87,1130.87,1119.09,1129.02,1619.0,-0.18
2023-12-01,1127.69,1134.13,1120.08,1132.79,1586.04,0.33
2023-12-04,1133.36,1134.4,1125.19,1125.19,1645.47,-0.67
2023-12-05,1122.42,1122.42,1104.24,1104.24,1521.84,-1.86
2023-12-06,1102.32,1115.82,1102.32,1111.15,1588.27,0.63
2023-12-07,1110.15,1112.49,1102.5,1108.26,1738.59,-0.26
2023-12-08,1109.09,1125.57,1109.09,1125.32,2447.84,1.54
2023-12-11,1119.11,1139.18,1115.82,1137.83,2064.12,1.11
2023-12-12,1137.36,1137.36,1126.03,1129.6,1563.16,-0.72
2023-12-13,1128.07,1130.8,1118.93,1118.93,1456.69,-0.95
2023-12-14,1123.15,1126.75,1113.58,1113.72,1315.4,-0.47
2023-12-15,1115.02,1115.02,1100.13,1101.53,1293.92,-1.1
2023-12-18,1099.03,1099.03,1083.84,1086.37,1260.95,-1.38
2023-12-19,1085.42,1095.78,1084.01,1091.55,1215.25,0.48
2023-12-20,1092.85,1092.85,1077.09,1077.25,1211.2,-1.31
2023-12-21,1073.62,1089.69,1067.02,1086.08,1432.56,0.82
2023-12-22,1085.62,1088.78,1071.5,1075.85,1451.19,-0.94
2023-12-25,1074.13,1080.05,1069.68,1073.4,1185.3,-0.23
2023-12-26,1073.61,1073.61,1050.17,1055.1,1169.33,-1.71
2023-12-27,1056.7,1064.82,1054.28,1063.02,1203.57,0.75
2023-12-28,1061.97,1092.56,1059.68,1089.25,1792.09,2.47
2023-12-29,1088.78,1105.3,1088.78,1105.09,1718.15,1.46
2024-01-02,1104.21,1104.21,1087.22,1087.22,1513.8,-1.62
2024-01-03,1085.07,1087.14,1067.94,1072.75,1428.56,-1.33
2024-01-04,1073.59,1073.59,1059.42,1064.36,1246.59,-0.78
2024-01-05,1062.55,1067.91,1037.45,1040.75,1383.14,-2.22
2024-01-08,1036.5,1036.5,1012.03,1012.03,1320.42,-2.76
2024-01-09,1014.57,1024.29,1006.6,1013.34,1370.31,0.13
2024-01-10,1010.68,1020.69,999.57,1005.26,1274.08,-0.8
2024-01-11,1004.72,1026.75,1004.72,1023.79,1354.72,1.84
2024-01-12,1022.11,1026.46,1010.53,1010.53,1310.65,-1.3
2024-01-15,1007.24,1016.31,1001.11,1005.74,1219.05,-0.47
2024-01-16,1005.05,1007.94,991.68,1005.94,1315.29,0.02
2024-01-17,1004.81,1004.81,974.29,974.29,1175.41,-3.15
2024-01-18,969.66,981.25,951.25,980.88,1734.41,0.68
2024-01-19,980.64,984.01,969.34,969.77,1288.04,-1.13
2024-01-22,968.32,968.32,922.59,923.4,1711.58,-4.78
2024-01-23,920.99,938.64,919.96,934.1,1612.41,1.16
2024-01-24,938.26,938.26,902.83,933.2,1645.62,-0.1
2024-01-25,932.66,962.46,930.27,960.56,1886.78,2.93
2024-01-26,956.79,956.79,936.07,936.07,1565.31,-2.55
2024-01-29,941.51,941.51,908.28,908.28,1809.93,-2.97
2024-01-30,902.94,904.25,878.14,878.14,1518.44,-3.32
2024-01-31,873.47,877.5,847.56,847.56,1879.05,-3.48
2024-02-01,843.76,865.45,836.79,849.42,1773.68,0.22
2024-02-02,852.05,852.05,801.79,818.56,2096.65,-3.63
2024-02-05,814.99,814.99,754.5,786.49,2777.7,-3.92
2024-02-06,779.73,843.33,772.66,842.61,2752.81,7.14
2024-02-07,845.53,874.12,845.53,866.17,3099.34,2.8
2024-02-08,871.58,909.57,871.58,902.41,3103.76,4.19
2024-02-19,915.45,917.02,897.54,912.68,2742.6,1.14
2024-02-20,907.18,912.16,899.22,909.54,1970.34,-0.34
2024-02-21,900.95,932.59,900.95,913.15,2227.27,0.4
2024-02-22,913.85,926.85,913.85,924.41,1843.52,1.23
2024-02-23,930.32,938.73,920.97,938.73,2128.82,1.55
2024-02-26,941.76,963.79,939.3,951.65,2671.57,1.38
2024-02-27,946.97,981.76,946.56,981.76,2421.46,3.16
2024-02-28,984.54,998.38,932.75,932.75,3363.44,-4.99
2024-02-29,928.41,974.8,928.41,974.8,2605.31,4.51
2024-03-01,977.72,987.79,973.27,986.59,2398.31,1.21
2024-03-04,990.22,993.67,975.1,991.93,2313.11,0.54
2024-03-05,985.36,990.02,977.59,980.33,2234.9,-1.17
2024-03-06,977.19,987.04,967.07,978.93,1997.36,-0.14
2024-03-07,981.9,985.0,956.95,956.95,2140.33,-2.25
2024-03-08,958.46,973.75,958.17,971.28,2031.04,1.5
2024-03-11,970.99,993.57,970.99,993.57,2212.94,2.3
2024-03-12,995.05,1005.06,991.03,996.72,2194.63,0.32
2024-03-13,999.48,1008.46,995.62,999.43,2080.33,0.27
2024-03-14,1003.19,1004.58,983.96,992.01,2174.1,-0.74
2024-03-15,988.56,1001.33,982.34,1001.33,1973.45,0.94
2024-03-18,1004.41,1023.69,1004.41,1023.6,2344.96,2.22
2024-03-19,1021.2,1023.73,1013.09,1013.09,2157.94,-1.03
2024-03-20,1011.71,1019.84,1008.1,1019.52,2078.86,0.63
2024-03-21,1023.46,1025.5,1004.83,1009.31,2273.05,-1.0
2024-03-22,1007.11,1007.11,989.49,992.82,2209.12,-1.63
2024-03-25,990.15,991.74,967.78,967.78,2091.27,-2.52
2024-03-26,967.14,973.07,951.53,957.91,1853.91,-1.02
2024-03-27,956.97,956.97,928.36,928.36,1783.43,-3.09
2024-03-28,929.42,954.58,929.42,945.5,1886.7,1.85
2024-03-29,944.36,952.47,936.15,952.31,1683.53,0.72
2024-04-01,957.21,969.54,957.21,969.49,1915.91,1.81
2024-04-02,969.1,969.1,954.79,960.04,1762.67,-0.98
2024-04-03,958.05,958.05,942.73,946.11,1763.38,-1.45
2024-04-08,942.7,942.7,922.46,922.46,1770.78,-2.5
2024-04-09,921.37,938.78,919.43,938.78,1599.53,1.77
2024-04-10,938.64,938.64,913.43,918.31,1656.42,-2.18
2024-04-11,915.62,928.36,915.62,917.94,1641.71,-0.04
2024-04-12,920.63,926.16,914.12,914.12,1587.61,-0.42
2024-04-15,913.1,922.01,899.44,908.33,2189.78,-0.63
2024-04-16,903.92,903.92,872.98,872.98,2175.12,-3.89
2024-04-17,881.09,904.83,881.09,904.83,2034.38,3.65
2024-04-18,903.93,916.48,893.44,904.28,1908.03,-0.06
2024-04-19,899.77,899.77,883.01,887.24,1660.36,-1.88
2024-04-22,880.55,897.1,874.12,893.51,1596.55,0.71
2024-04-23,893.71,899.78,887.87,896.47,1541.11,0.33
2024-04-24,899.11,911.41,897.39,911.41,1652.58,1.67
2024-04-25,909.2,919.1,908.15,910.86,1615.3,-0.06
2024-04-26,910.43,937.21,910.43,935.79,2189.55,2.74
2024-04-29,938.77,966.16,938.77,963.52,2560.76,2.96
2024-04-30,962.11,962.11,951.92,955.41,2129.2,-0.84
2024-05-06,968.55,977.46,968.4,973.95,2126.1,1.94
2024-05-07,974.17,976.39,968.75,972.13,1904.63,-0.19
2024-05-08,970.99,971.25,959.43,959.83,1730.1,-1.27
2024-05-09,960.99,978.92,960.99,977.52,1959.04,1.84
2024-05-10,977.97,977.97,959.52,961.08,1844.03,-1.68
2024-05-13,953.48,954.91,944.5,946.73,1879.16,-1.49
2024-05-14,949.35,955.02,946.19,946.79,1547.3,0.01
2024-05-15,945.53,947.57,935.97,935.97,1349.11,-1.14
2024-05-16,939.72,943.34,931.23,933.2,1506.08,-0.3
2024-05-17,932.18,945.7,930.68,945.7,1681.04,1.34
2024-05-20,943.77,954.09,943.27,946.91,1825.58,0.13
2024-05-21,946.02,946.02,938.13,938.73,1479.73,-0.86
2024-05-22,940.58,945.86,933.25,945.82,1787.53,0.76
2024-05-23,944.99,944.99,928.21,929.33,1736.05,-1.74
2024-05-24,928.75,931.46,909.77,909.77,1703.53,-2.1
2024-05-27,910.33,920.1,896.22,919.93,1803.3,1.12
2024-05-28,917.96,926.54,913.2,914.61,1625.24,-0.58
2024-05-29,914.72,922.48,909.25,912.68,1560.62,-0.21
2024-05-30,911.51,922.95,911.51,920.08,1647.24,0.81
2024-05-31,921.36,932.15,921.36,926.26,1725.64,0.67
2024-06-03,928.53,934.99,919.2,926.13,2402.33,-0.01
2024-06-04,923.6,925.59,916.33,925.07,1920.34,-0.11
2024-06-05,923.27,931.78,919.9,919.9,1649.85,-0.56
2024-06-06,923.18,924.72,898.4,899.22,2255.02,-2.25
2024-06-07,904.02,909.36,891.37,897.29,1672.05,-0.22
2024-06-11,894.89,920.16,893.47,919.81,1958.77,2.51
2024-06-12,921.25,927.14,920.33,921.1,1822.76,0.14
2024-06-13,923.93,942.31,922.88,934.47,2597.9,1.45
2024-06-14,931.24,931.24,922.09,925.12,2950.62,-1.0
2024-06-17,919.96,931.67,919.96,928.97,2201.96,0.42
2024-06-18,929.37,936.06,925.08,929.45,1965.38,0.05
2024-06-19,931.35,931.35,916.27,919.72,1920.75,-1.05
2024-06-20,921.1,940.0,921.1,924.46,2690.53,0.52
2024-06-21,919.14,925.03,913.36,924.08,2038.76,-0.04
2024-06-24,918.81,922.26,890.94,891.3,2323.9,-3.55
2024-06-25,891.45,891.45,865.28,869.71,1946.93,-2.42
2024-06-26,870.91,891.42,867.45,891.26,1853.02,2.48
2024-06-27,887.75,887.75,870.93,870.93,1609.16,-2.28
2024-06-28,869.27,884.77,867.92,869.77,1770.95,-0.13
2024-07-01,868.64,868.64,849.9,864.04,1712.87,-0.66
2024-07-02,863.83,863.83,851.1,852.16,1450.85,-1.38
2024-07-03,851.35,856.22,842.03,848.48,1502.22,-0.43
2024-07-04,849.13,849.32,829.02,829.43,1463.3,-2.25
2024-07-05,828.34,845.25,821.64,842.07,1425.47,1.52
2024-07-08,841.16,841.16,823.36,824.24,1513.68,-2.12
2024-07-09,822.06,844.53,818.34,842.62,1899.66,2.23
2024-07-10,841.03,849.32,840.99,842.29,1501.94,-0.04
2024-07-11,855.33,862.16,852.26,859.83,1843.98,2.08
2024-07-12,856.79,862.03,854.76,859.53,1512.09,-0.04
2024-07-15,858.14,858.14,846.68,848.37,1415.79,-1.3
2024-07-16,846.44,861.8,845.67,860.91,1554.1,1.48
2024-07-17,861.78,862.4,856.33,856.39,1519.72,-0.52
2024-07-18,850.61,862.89,842.55,861.4,1776.07,0.59
2024-07-19,857.89,878.64,857.89,876.31,1892.81,1.73
2024-07-22,876.93,883.86,876.63,880.76,1702.19,0.51
2024-07-23,880.28,880.28,846.12,846.12,1626.04,-3.93
2024-07-24,845.02,848.53,830.41,830.92,1552.2,-1.8
2024-07-25,826.1,843.65,826.1,833.59,1403.19,0.32
2024-07-26,833.88,844.6,831.93,841.24,1347.54,0.92
2024-07-29,841.73,841.73,831.13,831.13,1329.26,-1.2
2024-07-30,830.44,836.23,823.65,833.27,1306.95,0.26
2024-07-31,831.68,874.33,831.68,874.33,2058.62,4.93
2024-08-01,876.91,878.91,866.1,871.87,1829.44,-0.28
2024-08-02,864.22,875.62,855.4,855.4,1658.64,-1.89
2024-08-05,849.08,860.81,829.69,829.69,1880.25,-3.01
2024-08-06,840.64,845.78,835.42,845.71,1471.51,1.93
2024-08-07,845.33,848.36,841.47,842.77,1289.69,-0.35
2024-08-08,839.58,849.11,830.59,841.07,1389.13,-0.2
2024-08-09,847.58,847.78,834.63,834.63,1289.53,-0.77
2024-08-12,834.01,838.09,830.94,832.75,1200.22,-0.23
2024-08-13,833.02,836.49,827.14,836.49,1064.75,0.45
2024-08-14,837.49,837.49,825.21,825.21,1052.68,-1.35
2024-08-15,824.01,840.96,824.01,831.7,1400.76,0.79
2024-08-16,831.7,835.88,829.5,829.76,1327.66,-0.23
2024-08-19,829.8,835.55,824.73,824.73,1282.53,-0.61
2024-08-20,824.93,824.93,808.75,810.38,1214.1,-1.74
2024-08-21,808.04,815.11,808.04,808.73,1032.27,-0.2
2024-08-22,809.92,812.97,800.78,801.16,1184.15,-0.94
2024-08-23,799.52,799.52,791.35,798.09,1165.09,-0.38
2024-08-26,796.98,803.86,795.69,798.44,1215.15,0.04
2024-08-27,796.15,796.15,787.9,789.1,1161.2,-1.17
2024-08-28,787.18,792.86,786.46,788.69,1091.51,-0.05
2024-08-29,785.8,806.05,785.39,802.72,1395.48,1.78
2024-08-30,802.45,826.48,802.45,818.86,1915.67,2.01
2024-09-02,818.44,818.44,793.43,793.43,1720.56,-3.11
2024-09-03,793.62,805.97,793.62,800.06,1304.22,0.84
2024-09-04,794.91,805.54,794.08,799.1,1188.27,-0.12
2024-09-05,799.83,808.63,799.83,801.39,1124.8,0.29
2024-09-06,802.44,802.44,784.56,784.56,1201.47,-2.1
2024-09-09,781.41,785.87,775.19,777.36,1062.27,-0.92
2024-09-10,778.35,784.41,769.2,783.22,1115.37,0.75
2024-09-11,781.16,790.51,781.16,788.96,1092.06,0.73
2024-09-12,790.62,797.3,783.74,783.74,1117.56,-0.66
2024-09-13,784.24,784.35,771.17,773.43,1247.77,-1.32
2024-09-18,773.38,773.38,759.03,765.91,1178.06,-0.97
2024-09-19,769.05,780.81,763.99,773.15,1321.84,0.95
2024-09-20,773.92,774.9,762.47,767.04,1154.66,-0.79
2024-09-23,767.72,771.51,761.21,761.36,1119.48,-0.74
2024-09-24,766.0,791.71,759.29,791.71,1977.06,3.99
2024-09-25,799.71,813.77,794.42,794.56,2154.64,0.36
2024-09-26,794.57,826.59,791.74,826.59,2120.07,4.03
2024-09-27,840.77,882.77,840.77,881.55,1992.66,6.65
2024-09-30,931.17,1029.01,931.17,1029.01,5991.29,16.73
2024-10-08,1226.54,1226.54,1126.4,1194.43,8110.25,16.08
2024-10-09,1153.63,1211.44,1103.53,1115.31,7402.82,-6.63
2024-10-10,1131.22,1133.14,1082.59,1082.59,4880.1,-2.93
2024-10-11,1072.21,1072.21,1010.89,1017.44,3819.22,-6.02
2024-10-14,1023.68,1048.8,994.15,1048.62,3615.17,3.07
2024-10-15,1044.36,1058.87,1020.92,1020.92,3349.52,-2.64
2024-10-16,1000.7,1017.58,998.3,1002.0,2570.78,-1.85
2024-10-17,1017.76,1028.85,1006.24,1006.24,2883.04,0.42
2024-10-18,1005.64,1126.37,1005.64,1093.2,4951.46,8.64
2024-10-21,1112.45,1156.52,1096.77,1116.02,5818.66,2.09
2024-10-22,1110.6,1113.11,1092.76,1105.47,4625.51,-0.95
2024-10-23,1099.69,1130.15,1099.69,1107.46,4323.67,0.18
2024-10-24,1098.72,1110.6,1095.97,1100.07,3194.43,-0.67
2024-10-25,1104.02,1130.06,1103.62,1122.32,4021.07,2.02
2024-10-28,1123.24,1125.6,1112.83,1124.34,3683.65,0.18
2024-10-29,1128.07,1133.95,1102.67,1102.67,4106.16,-1.93
2024-10-30,1094.64,1103.14,1079.76,1089.98,3554.27,-1.15
2024-10-31,1091.71,1114.89,1082.79,1107.45,4163.99,1.6
2024-11-01,1102.94,1107.75,1070.53,1070.53,3977.12,-3.33
2024-11-04,1070.53,1093.12,1070.53,1093.12,2929.51,2.11
2024-11-05,1093.86,1142.96,1093.86,1141.32,4424.56,4.41
2024-11-06,1148.26,1169.29,1140.27,1145.8,4772.99,0.39
2024-11-07,1136.08,1171.81,1136.08,1171.61,4372.72,2.25
2024-11-08,1191.57,1213.42,1183.69,1184.02,5644.49,1.06
2024-11-11,1189.61,1244.43,1189.61,1243.87,6493.88,5.06
2024-11-12,1246.71,1249.12,1208.73,1216.37,5957.39,-2.21
2024-11-13,1209.34,1226.06,1199.4,1225.52,4487.21,0.75
2024-11-14,1221.86,1222.84,1181.56,1181.56,3957.91,-3.59
2024-11-15,1177.97,1182.28,1136.27,1136.27,3874.33,-3.83
2024-11-18,1139.24,1139.24,1101.99,1108.49,3593.89,-2.45
2024-11-19,1114.2,1146.62,1105.07,1145.9,3205.95,3.38
2024-11-20,1142.83,1166.81,1142.83,1163.29,3520.48,1.52
2024-11-21,1162.92,1177.05,1156.42,1167.58,3304.05,0.37
2024-11-22,1166.37,1171.82,1117.45,1117.45,3609.37,-4.29
2024-11-25,1120.64,1120.64,1095.76,1117.2,2872.22,-0.02
2024-11-26,1115.69,1131.45,1105.64,1105.95,2462.41,-1.01
2024-11-27,1101.94,1141.0,1088.08,1140.17,2962.36,3.09
2024-11-28,1140.46,1155.51,1136.69,1137.24,2850.5,-0.26
2024-11-29,1133.85,1173.23,1131.11,1161.19,3389.07,2.11
2024-12-02,1163.58,1181.32,1163.58,1179.55,3664.37,1.58
2024-12-03,1181.29,1181.29,1161.38,1170.88,3328.74,-0.74
2024-12-04,1181.13,1181.85,1153.66,1157.42,3429.14,-1.15
2024-12-05,1153.15,1174.03,1153.15,1169.3,3078.99,1.03
2024-12-06,1172.82,1189.8,1158.75,1181.11,3727.33,1.01
2024-12-09,1180.14,1181.62,1164.78,1170.92,3212.94,-0.86
2024-12-10,1218.52,1218.52,1183.6,1184.42,4184.6,1.15
2024-12-11,1182.87,1194.21,1179.16,1190.54,3749.72,0.52
2024-12-12,1191.53,1191.67,1179.38,1191.65,3480.68,0.09
2024-12-13,1184.31,1186.86,1166.02,1166.02,4385.41,-2.15
2024-12-16,1166.31,1166.31,1143.21,1147.61,3102.64,-1.58
2024-12-17,1146.34,1146.34,1126.15,1126.98,2735.57,-1.8
2024-12-18,1131.03,1147.92,1122.41,1141.75,2661.47,1.31
2024-12-19,1128.46,1152.44,1128.46,1149.38,2837.6,0.67
2024-12-20,1146.95,1181.27,1146.95,1172.34,3658.47,2.0
2024-12-23,1172.18,1173.89,1142.4,1142.58,3515.84,-2.54
2024-12-24,1148.17,1158.93,1135.83,1158.31,2783.12,1.38
2024-12-25,1161.57,1162.58,1143.17,1153.39,2724.97,-0.42
2024-12-26,1150.84,1172.25,1150.84,1167.71,2781.54,1.24
2024-12-27,1168.44,1180.16,1157.95,1158.0,2990.79,-0.83
2024-12-30,1155.53,1164.73,1146.97,1153.33,2548.73,-0.4
2024-12-31,1154.0,1154.0,1118.73,1118.73,2775.1,-3.0
2025-01-02,1117.19,1117.19,1074.19,1083.57,2815.76,-3.14
2025-01-03,1085.11,1089.34,1059.22,1059.68,2631.35,-2.2
2025-01-06,1061.0,1064.34,1047.71,1053.62,2277.27,-0.57
2025-01-07,1054.29,1081.14,1054.29,1080.59,2294.78,2.56
2025-01-08,1073.69,1089.22,1049.3,1080.86,2706.38,0.03
2025-01-09,1076.94,1089.19,1076.94,1080.35,2309.26,-0.05
2025-01-10,1080.11,1095.32,1063.78,1063.78,2546.74,-1.53
2025-01-13,1053.06,1076.63,1049.8,1069.01,2188.47,0.49
2025-01-14,1073.87,1113.22,1066.31,1111.82,2934.77,4.0
2025-01-15,1108.37,1113.97,1098.7,1103.03,2477.1,-0.79
2025-01-16,1107.13,1120.92,1084.28,1090.45,2605.2,-1.14
2025-01-17,1085.69,1114.47,1082.24,1103.3,2565.33,1.18
2025-01-20,1109.03,1118.01,1101.72,1107.31,2455.29,0.36
2025-01-21,1112.96,1118.19,1099.67,1117.19,2599.08,0.89
2025-01-22,1113.38,1117.28,1105.04,1112.81,2380.97,-0.39
2025-01-23,1123.51,1136.0,1107.62,1107.62,2815.56,-0.47
2025-01-24,1106.02,1128.34,1106.02,1124.95,2676.85,1.56
2025-01-27,1124.18,1125.58,1101.8,1101.8,2475.49,-2.06
2025-02-05,1125.45,1132.78,1115.42,1123.22,3165.88,1.94
2025-02-06,1119.32,1161.08,1116.66,1160.61,3702.51,3.33
2025-02-07,1161.12,1189.45,1155.77,1172.64,4338.29,1.04
2025-02-10,1176.81,1195.25,1170.44,1193.37,4089.75,1.77
2025-02-11,1191.01,1193.72,1173.13,1181.14,3795.81,-1.02
2025-02-12,1179.98,1201.69,1176.06,1201.39,3753.18,1.71
2025-02-13,1200.57,1200.87,1174.64,1174.88,3716.93,-2.21
2025-02-14,1171.17,1186.37,1168.33,1182.23,3716.26,0.63
2025-02-17,1189.05,1200.14,1182.45,1194.99,4067.48,1.08
2025-02-18,1192.53,1197.43,1162.84,1167.95,3860.0,-2.26
2025-02-19,1167.57,1203.25,1167.57,1202.69,4178.58,2.97
2025-02-20,1203.66,1215.47,1197.8,1210.68,4016.08,0.66
2025-02-21,1215.95,1266.09,1211.93,1263.68,5120.56,4.38
2025-02-24,1261.91,1275.0,1248.09,1263.09,4733.41,-0.05
2025-02-25,1243.23,1282.54,1240.85,1266.45,4402.9,0.27
2025-02-26,1271.1,1293.32,1259.32,1292.4,4818.86,2.05
2025-02-27,1292.95,1304.32,1263.81,1292.22,4841.41,-0.01
2025-02-28,1283.85,1287.64,1230.45,1233.61,4862.75,-4.53
2025-03-03,1236.87,1255.05,1219.22,1227.52,4044.42,-0.49
2025-03-04,1216.3,1253.31,1215.92,1249.1,3657.63,1.76
2025-03-05,1249.17,1258.88,1238.41,1253.74,3506.12,0.37
2025-03-06,1266.9,1296.6,1266.89,1292.04,4491.75,3.05
2025-03-07,1284.99,1293.81,1270.28,1278.06,3864.9,-1.08
2025-03-10,1279.5,1285.06,1264.03,1280.33,3506.81,0.18
2025-03-11,1260.9,1279.52,1259.48,1276.87,3249.43,-0.27
2025-03-12,1284.94,1287.42,1269.82,1269.85,3279.72,-0.55
2025-03-13,1269.61,1271.31,1232.96,1241.03,3502.87,-2.27
2025-03-14,1240.93,1262.54,1235.74,1261.62,3319.63,1.66
2025-03-17,1265.3,1265.85,1254.14,1262.83,2980.59,0.1
2025-03-18,1266.86,1282.11,1265.97,1269.23,3054.91,0.51
2025-03-19,1265.15,1269.07,1252.03,1255.85,2880.71,-1.05
2025-03-20,1253.88,1258.62,1244.47,1245.25,2757.48,-0.84
2025-03-21,1241.42,1243.3,1209.83,1214.61,3024.84,-2.46
2025-03-24,1214.04,1220.19,1187.1,1208.35,2907.67,-0.52
2025-03-25,1208.59,1214.45,1191.62,1195.27,2357.34,-1.08
2025-03-26,1193.25,1209.46,1193.25,1198.35,2158.97,0.26
2025-03-27,1196.75,1224.52,1187.86,1207.21,2527.48,0.74
2025-03-28,1205.68,1215.08,1195.65,1195.65,2275.95,-0.96
2025-03-31,1189.97,1197.16,1175.32,1190.88,2595.53,-0.4
2025-04-01,1195.98,1214.91,1195.46,1202.24,2632.36,0.95
2025-04-02,1199.97,1214.55,1199.97,1204.2,2096.72,0.16
2025-04-03,1191.75,1212.17,1183.31,1188.96,2405.45,-1.27
2025-04-07,1112.85,1136.87,1004.9,1041.42,4785.03,-12.41
2025-04-08,1052.16,1083.0,1041.06,1061.94,3802.75,1.97
2025-04-09,1042.33,1108.36,1016.76,1102.12,3982.37,3.78
2025-04-10,1128.95,1145.96,1121.62,1124.86,3382.19,2.06
2025-04-11,1120.95,1172.71,1119.23,1157.67,3406.26,2.92
2025-04-14,1168.95,1177.5,1158.54,1164.64,2856.35,0.6
2025-04-15,1163.33,1166.02,1145.93,1158.81,2196.3,-0.5
2025-04-16,1163.66,1164.39,1136.38,1154.71,2323.86,-0.35
2025-04-17,1147.61,1170.93,1146.88,1159.93,2148.35,0.45
2025-04-18,1155.84,1159.62,1145.71,1152.51,1867.42,-0.64
2025-04-21,1154.25,1175.1,1149.33,1174.53,2158.92,1.91
2025-04-22,1173.05,1181.33,1166.31,1173.23,2370.09,-0.11
2025-04-23,1176.99,1182.18,1168.56,1173.64,2455.38,0.03
2025-04-24,1172.75,1174.13,1156.28,1162.18,2306.21,-0.98
2025-04-25,1161.83,1168.77,1150.69,1161.35,2315.55,-0.07
2025-04-28,1159.87,1164.88,1150.23,1158.84,2265.87,-0.22
2025-04-29,1153.18,1165.56,1150.7,1163.2,2312.15,0.38
2025-04-30,1161.56,1179.78,1161.56,1176.88,2926.92,1.18
2025-05-06,1183.68,1199.54,1182.83,1199.39,3108.43,1.91
2025-05-07,1215.93,1219.67,1190.83,1201.41,3265.03,0.17
2025-05-08,1196.57,1208.02,1194.19,1203.9,2886.87,0.21
2025-05-09,1200.92,1200.92,1178.86,1181.96,2744.13,-1.82
2025-05-12,1186.5,1198.14,1181.93,1192.89,2909.42,0.92
2025-05-13,1204.08,1205.71,1188.35,1188.82,2783.59,-0.34
2025-05-14,1191.42,1197.15,1179.77,1186.99,2512.13,-0.15
2025-05-15,1185.21,1185.21,1167.88,1168.83,2055.83,-1.53
2025-05-16,1166.44,1175.95,1164.46,1170.2,2152.69,0.12
2025-05-19,1170.67,1174.72,1160.05,1172.02,2280.6,0.16
2025-05-20,1173.8,1181.95,1170.44,1178.22,2228.16,0.53
2025-05-21,1177.81,1179.47,1171.43,1175.02,2290.48,-0.27
2025-05-22,1173.08,1182.71,1166.46,1167.89,2319.03,-0.61
2025-05-23,1167.01,1175.31,1155.22,1155.22,2419.95,-1.08
2025-05-26,1157.28,1161.07,1151.83,1159.8,2066.65,0.4
2025-05-27,1159.28,1160.25,1149.93,1153.53,2052.63,-0.54
2025-05-28,1154.43,1157.88,1146.8,1148.83,1943.66,-0.41
2025-05-29,1150.4,1174.69,1150.4,1174.69,2572.72,2.25
2025-05-30,1170.25,1170.25,1160.75,1163.35,2380.17,-0.97
2025-06-03,1161.67,1179.7,1161.32,1172.2,2720.96,0.76
2025-06-04,1172.26,1182.05,1172.16,1178.47,2315.01,0.54
2025-06-05,1179.92,1194.59,1174.08,1192.94,2734.39,1.23
2025-06-06,1192.28,1193.91,1187.42,1191.39,2485.59,-0.13
2025-06-09,1191.82,1210.19,1191.82,1206.05,2869.39,1.23
2025-06-10,1210.5,1210.62,1179.91,1189.69,3068.83,-1.36
2025-06-11,1189.53,1198.2,1187.77,1188.31,2298.16,-0.12
2025-06-12,1186.1,1192.01,1181.79,1190.3,2641.01,0.17
2025-06-13,1184.1,1190.27,1171.59,1178.4,3575.86,-1.0
2025-06-16,1175.13,1186.49,1174.92,1182.33,2588.08,0.33
2025-06-17,1184.27,1185.18,1167.92,1171.74,2614.25,-0.9
2025-06-18,1170.25,1180.58,1166.56,1179.56,2399.85,0.67
2025-06-19,1178.92,1187.6,1165.25,1168.83,2668.61,-0.91
2025-06-20,1169.42,1177.12,1160.27,1160.8,2366.87,-0.69
2025-06-23,1155.04,1176.17,1155.04,1173.82,2548.33,1.12
2025-06-24,1176.22,1198.24,1176.22,1198.12,3049.25,2.07
2025-06-25,1200.89,1217.84,1198.37,1217.09,3389.33,1.58
2025-06-26,1215.64,1222.79,1207.35,1207.35,3251.22,-0.8
2025-06-27,1213.08,1217.78,1206.23,1209.29,2947.33,0.16
2025-06-30,1213.17,1230.41,1213.17,1229.83,3252.93,1.7
2025-07-01,1229.02,1230.73,1218.4,1228.66,3163.45,-0.09
2025-07-02,1225.62,1225.62,1206.65,1210.51,2846.97,-1.48
2025-07-03,1211.67,1220.44,1211.06,1219.33,2700.86,0.73
2025-07-04,1219.06,1230.85,1207.68,1215.29,2973.23,-0.33
2025-07-07,1214.28,1218.42,1207.72,1210.57,2400.82,-0.39
2025-07-08,1210.96,1227.12,1210.32,1226.31,3167.73,1.3
2025-07-09,1226.56,1228.23,1216.16,1218.35,2850.4,-0.65
2025-07-10,1217.22,1220.87,1212.07,1215.19,2724.55,-0.26
2025-07-11,1215.85,1235.65,1212.8,1230.61,3135.71,1.27
2025-07-14,1230.97,1236.65,1228.28,1233.38,2874.62,0.23
2025-07-15,1232.42,1239.46,1222.69,1237.33,3243.25,0.32
2025-07-16,1237.44,1250.68,1236.47,1242.81,2974.23,0.44
2025-07-17,1243.56,1262.51,1239.47,1262.49,3485.97,1.58
2025-07-18,1264.63,1270.04,1258.99,1267.72,3621.83,0.41
2025-07-21,1268.19,1273.84,1266.4,1273.04,3744.61,0.42
2025-07-22,1273.04,1286.73,1271.02,1279.99,4233.27,0.55
2025-07-23,1278.92,1292.48,1273.85,1283.9,3907.23,0.31
2025-07-24,1284.16,1301.17,1284.01,1301.17,4547.81,1.35
2025-07-25,1301.33,1321.64,1295.29,1317.83,4484.78,1.28
2025-07-28,1320.01,1330.99,1314.53,1328.52,4263.66,0.81
2025-07-29,1327.28,1352.15,1325.21,1352.15,4624.29,1.78
2025-07-30,1347.23,1354.03,1325.75,1337.41,4571.01,-1.09
2025-07-31,1335.55,1352.24,1324.64,1328.7,4784.25,-0.65
2025-08-01,1329.27,1343.06,1316.59,1326.4,4192.44,-0.17
2025-08-04,1321.58,1345.65,1318.57,1345.65,4165.8,1.45
2025-08-05,1347.63,1352.37,1341.34,1352.37,3986.9,0.5
2025-08-06,1350.31,1366.4,1347.58,1366.07,4401.26,1.01
2025-08-07,1366.31,1373.57,1356.37,1361.18,4530.18,-0.36
2025-08-08,1356.79,1356.79,1343.44,1346.97,4405.99,-1.04
2025-08-11,1347.75,1373.64,1347.75,1370.52,4610.99,1.75
2025-08-12,1369.53,1385.36,1360.42,1382.09,4589.75,0.84
2025-08-13,1382.44,1403.42,1382.38,1402.74,4913.4,1.49
2025-08-14,1404.44,1417.57,1389.49,1392.0,5169.53,-0.77
2025-08-15,1387.58,1423.99,1387.58,1423.15,5036.09,2.24
2025-08-18,1436.55,1467.02,1428.97,1457.41,6315.25,2.41
2025-08-19,1455.27,1465.16,1442.07,1445.75,5350.78,-0.8
2025-08-20,1438.1,1472.4,1426.0,1472.38,5213.2,1.84
2025-08-21,1476.59,1493.71,1454.79,1462.6,4894.81,-0.66
2025-08-22,1470.59,1539.61,1470.59,1539.57,6082.28,5.26
2025-08-25,1566.21,1596.83,1549.63,1578.92,7250.34,2.56
2025-08-26,1565.04,1579.58,1554.72,1563.31,5454.59,-0.99
2025-08-27,1572.08,1617.34,1550.9,1550.9,6943.28,-0.79
2025-08-28,1554.53,1617.92,1547.2,1617.46,7341.3,4.29
2025-08-29,1603.05,1610.38,1576.19,1603.09,6203.24,-0.89
2025-09-01,1612.05,1634.62,1593.96,1628.33,6411.33,1.57
2025-09-02,1625.8,1631.83,1570.47,1584.16,6462.95,-2.71
2025-09-03,1579.7,1595.38,1558.07,1567.4,5040.98,-1.06
2025-09-04,1566.8,1570.69,1462.34,1486.04,6099.88,-5.19
2025-09-05,1491.81,1548.89,1479.24,1544.3,5459.61,3.92
2025-09-08,1544.19,1560.24,1526.2,1555.8,5608.2,0.74
2025-09-09,1540.42,1556.9,1516.12,1523.23,4793.23,-2.09
2025-09-10,1527.65,1547.86,1516.84,1529.17,4148.89,0.39
2025-09-11,1523.0,1597.87,1509.25,1596.45,5337.71,4.4
2025-09-12,1594.66,1627.29,1592.8,1607.12,5296.38,0.67
2025-09-15,1628.09,1630.36,1601.81,1605.08,4993.52,-0.13
2025-09-16,1610.81,1629.09,1605.21,1623.41,4469.41,1.14
2025-09-17,1617.44,1644.7,1607.32,1638.71,4951.26,0.94
2025-09-18,1648.39,1697.36,1615.12,1643.03,6879.33,0.26
2025-09-19,1644.79,1661.05,1616.48,1622.55,4940.44,-1.25
2025-09-22,1621.79,1665.06,1616.26,1658.35,4626.07,2.21
2025-09-23,1659.3,1667.28,1600.07,1645.56,5632.33,-0.77
2025-09-24,1636.3,1707.5,1634.87,1695.9,6190.26,3.06
2025-09-25,1691.59,1719.26,1690.41,1704.55,5328.39,0.51
2025-09-26,1691.91,1709.17,1669.45,1671.02,5144.16,-1.97
2025-09-29,1669.46,1692.65,1651.95,1690.76,4942.98,1.18
2025-09-30,1704.82,1728.6,1701.03,1717.01,4996.97,1.55
2025-10-09,1738.04,1777.51,1729.26,1744.27,6560.54,1.59
2025-10-10,1723.66,1723.66,1657.63,1665.31,5853.84,-4.53
2025-10-13,1604.65,1681.01,1604.65,1678.57,5390.21,0.8
2025-10-14,1691.32,1698.47,1602.4,1611.42,5618.62,-4.0
2025-10-15,1614.11,1641.35,1593.52,1641.35,4306.98,1.86
2025-10-16,1632.92,1652.35,1618.5,1625.45,4022.37,-0.97
2025-10-17,1622.2,1624.16,1562.06,1564.02,4186.0,-3.78
2025-10-20,1591.8,1606.03,1566.58,1577.92,3555.21,0.89
2025-10-21,1584.79,1620.71,1578.8,1618.23,3827.36,2.55
2025-10-22,1606.7,1631.53,1595.04,1615.37,3437.43,-0.18
2025-10-23,1608.49,1609.34,1578.2,1604.73,3258.79,-0.66
2025-10-24,1621.57,1664.15,1621.13,1661.66,4139.19,3.55
2025-10-27,1686.25,1694.89,1659.3,1685.37,4832.94,1.43
2025-10-28,1673.6,1696.19,1664.94,1675.37,4267.97,-0.59
2025-10-29,1672.38,1692.94,1665.6,1691.18,4521.19,0.94
2025-10-30,1685.91,1694.99,1666.8,1667.81,4944.33,-1.38
2025-10-31,1661.93,1677.68,1647.66,1650.51,5228.88,-1.04
2025-11-03,1644.12,1645.02,1608.95,1640.97,4744.94,-0.58
2025-11-04,1642.21,1645.45,1604.02,1615.62,3830.95,-1.55
2025-11-05,1585.15,1623.48,1585.15,1616.08,3856.09,0.03
2025-11-06,1626.65,1657.78,1623.44,1656.47,4160.17,2.5
2025-11-07,1643.01,1655.97,1632.15,1639.82,4187.94,-1.01
2025-11-10,1644.21,1656.74,1615.76,1635.67,4379.3,-0.25
2025-11-11,1643.81,1652.76,1616.88,1620.33,4281.1,-0.94
2025-11-12,1610.48,1621.77,1592.87,1610.4,4192.78,-0.61
2025-11-13,1608.34,1640.07,1606.37,1632.06,4357.06,1.35
2025-11-14,1613.0,1629.71,1602.11,1602.11,4222.6,-1.84
2025-11-17,1606.02,1618.27,1590.57,1599.65,3958.29,-0.15
2025-11-18,1596.13,1612.74,1589.75,1596.41,4059.67,-0.2
2025-11-19,1594.49,1602.66,1572.42,1578.39,3462.48,-1.13
2025-11-20,1595.32,1597.92,1561.0,1561.89,3128.38,-1.05
2025-11-21,1535.41,1544.55,1502.14,1503.36,4021.73,-3.75
2025-11-24,1515.33,1538.34,1499.88,1529.4,3517.4,1.73
2025-11-25,1541.73,1568.83,1539.56,1547.69,3634.29,1.2
2025-11-26,1544.06,1574.56,1541.0,1560.57,3505.65,0.83
2025-11-27,1567.02,1595.64,1562.52,1564.1,3610.32,0.23
2025-11-28,1561.14,1584.06,1557.4,1584.06,3615.12,1.28
2025-12-01,1587.53,1591.35,1569.3,1588.49,4066.67,0.28
2025-12-02,1585.26,1585.45,1563.88,1567.48,3032.25,-1.32
2025-12-03,1566.59,1571.59,1545.39,1552.54,3040.42,-0.95
2025-12-04,1550.06,1567.71,1537.71,1565.29,2892.11,0.82
2025-12-05,1562.07,1578.13,1542.95,1576.52,3221.31,0.72
2025-12-08,1578.73,1615.8,1578.73,1607.83,3826.34,1.99
2025-12-09,1597.97,1618.31,1596.65,1602.39,3173.71,-0.34
2025-12-10,1594.79,1609.04,1578.3,1604.56,3206.08,0.14
2025-12-11,1607.14,1608.12,1583.91,1583.91,3615.72,-1.29
2025-12-12,1582.14,1614.3,1571.1,1611.93,4626.61,1.77
2025-12-15,1595.79,1605.14,1580.01,1580.32,3745.32,-1.96
2025-12-16,1575.67,1577.33,1539.08,1548.32,3348.77,-2.02
2025-12-17,1548.29,1584.04,1539.07,1581.95,3440.93,2.17
2025-12-18,1569.91,1586.46,1568.22,1568.22,3242.93,-0.87
2025-12-19,1577.93,1587.78,1568.83,1571.22,3373.07,0.19
2025-12-22,1577.81,1601.07,1577.81,1596.5,3658.55,1.61
2025-12-23,1596.34,1613.97,1592.13,1602.59,3697.58,0.38
2025-12-24,1603.3,1624.15,1599.23,1622.73,3740.45,1.26
2025-12-25,1620.39,1639.83,1614.94,1636.69,3991.34,0.86
2025-12-26,1633.83,1646.78,1625.49,1634.3,4486.95,-0.15
2025-12-29,1633.24,1653.86,1632.44,1638.08,4330.22,0.23
2025-12-30,1633.5,1651.11,1633.5,1642.58,3977.12,0.27
2025-12-31,1649.63,1651.56,1632.04,1636.7,3759.85,-0.36
2026-01-05,1651.94,1695.84,1651.12,1695.84,5134.66,3.61
2026-01-06,1693.46,1723.83,1692.77,1720.41,5334.45,1.45
2026-01-07,1728.81,1749.84,1719.46,1746.72,5728.96,1.53
2026-01-08,1743.14,1779.96,1743.14,1766.57,5875.47,1.14
2026-01-09,1758.3,1805.24,1754.11,1803.4,6152.85,2.09
2026-01-12,1818.96,1858.17,1806.02,1855.38,7170.28,2.88
2026-01-13,1853.18,1853.31,1798.14,1806.02,7144.62,-2.66
2026-01-14,1812.33,1874.26,1810.44,1835.41,7563.22,1.63
2026-01-15,1818.17,1832.16,1794.52,1825.3,5744.28,-0.55
2026-01-16,1841.79,1869.57,1830.91,1855.03,6346.02,1.63
2026-01-19,1850.65,1864.82,1845.9,1851.07,5521.47,-0.21
2026-01-20,1853.53,1868.26,1806.01,1820.48,5651.86,-1.65
2026-01-21,1815.13,1871.73,1815.13,1862.69,5358.7,2.32
2026-01-22,1881.94,1891.45,1854.84,1865.34,5484.11,0.14
2026-01-23,1861.44,1899.78,1861.44,1899.78,6727.31,1.85
2026-01-26,1900.54,1908.84,1849.47,1857.5,7287.63,-2.23
2026-01-27,1853.52,1896.07,1824.36,1889.46,6518.46,1.72
2026-01-28,1897.13,1901.29,1864.92,1880.57,5534.0,-0.47
2026-01-29,1874.22,1890.81,1830.59,1831.1,5785.64,-2.63
2026-01-30,1823.88,1844.73,1782.17,1832.56,5407.8,0.08
2026-02-02,1817.91,1831.6,1759.76,1760.23,5019.94,-3.95
2026-02-03,1786.63,1804.0,1755.13,1803.14,4805.74,2.44
2026-02-04,1789.04,1789.04,1759.52,1785.43,4738.77,-0.98
2026-02-05,1756.94,1770.43,1743.08,1759.68,4307.16,-1.44
2026-02-06,1740.81,1775.5,1732.85,1753.61,4010.07,-0.35
2026-02-09,1788.5,1798.4,1775.52,1796.86,4672.02,2.47
2026-02-10,1801.67,1816.34,1798.49,1802.46,3993.23,0.31
2026-02-11,1796.57,1805.35,1787.96,1788.22,3469.53,-0.79
2026-02-12,1795.95,1820.13,1794.05,1816.15,3849.2,1.56
2026-02-13,1805.51,1831.04,1804.08,1809.18,3890.46,-0.38
2026-02-24,1830.15,1831.42,1785.6,1798.21,4152.76,-0.61
2026-02-25,1802.19,1826.08,1788.68,1819.72,4506.35,1.2
2026-02-26,1824.23,1850.9,1801.78,1843.2,4621.31,1.29
2026-02-27,1823.68,1853.05,1816.83,1849.77,4446.06,0.36
2026-03-02,1818.59,1853.43,1818.59,1827.54,5610.38,-1.2
2026-03-03,1830.3,1832.94,1726.01,1729.17,5791.57,-5.38
2026-03-04,1711.8,1748.29,1709.66,1717.99,4225.09,-0.65
2026-03-05,1757.74,1769.42,1735.6,1748.53,4377.8,1.78
2026-03-06,1738.81,1774.41,1738.81,1763.81,4089.19,0.87
2026-03-09,1718.11,1746.94,1686.28,1739.0,4802.84,-1.41
2026-03-10,1767.96,1792.64,1765.98,1791.54,4613.64,3.02
2026-03-11,1793.56,1806.95,1773.66,1774.03,4705.34,-0.98
2026-03-12,1771.64,1782.48,1738.87,1756.14,4374.29,-1.01
2026-03-13,1745.5,1759.53,1726.75,1730.78,4350.35,-1.44
2026-03-16,1728.51,1742.21,1701.41,1742.01,4158.35,0.65
2026-03-17,1744.51,1745.72,1698.89,1699.05,3801.05,-2.47
2026-03-18,1707.42,1729.91,1693.49,1729.12,3815.4,1.77
2026-03-19,1699.93,1712.09,1682.75,1689.34,3996.88,-2.3
2026-03-20,1698.5,1709.11,1668.87,1669.98,4654.74,-1.15
2026-03-23,1636.2,1651.89,1578.58,1587.68,5147.58,-4.93
2026-03-24,1616.53,1639.06,1576.4,1639.06,4230.29,3.24
2026-03-25,1649.32,1684.17,1649.32,1668.08,4051.9,1.77
2026-03-26,1666.15,1672.86,1632.42,1637.57,3515.02,-1.83
2026-03-27,1610.71,1672.46,1610.71,1662.72,3609.58,1.54
2026-03-30,1639.31,1661.97,1629.39,1659.74,3718.65,-0.18
2026-03-31,1653.05,1666.92,1618.58,1618.58,3846.27,-2.48
2026-04-01,1657.44,1678.34,1647.17,1674.19,4209.23,3.44
2026-04-02,1665.19,1667.05,1622.3,1631.32,3723.44,-2.56
2026-04-03,1640.05,1648.03,1625.54,1631.67,3363.52,0.02
2026-04-07,1635.16,1660.08,1635.16,1645.51,3205.9,0.85
2026-04-08,1694.71,1738.35,1690.5,1738.35,4795.21,5.64
2026-04-09,1718.83,1743.5,1716.13,1725.08,4064.2,-0.76
2026-04-10,1742.64,1764.88,1742.62,1744.45,4171.26,1.12
2026-04-13,1734.91,1772.31,1734.91,1756.15,3993.35,0.67
2026-04-14,1776.31,1793.65,1767.99,1793.65,4381.66,2.13
2026-04-15,1806.65,1826.51,1793.0,1799.64,4613.67,0.33
2026-04-16,1800.87,1830.92,1794.75,1829.67,4370.38,1.67
2026-04-17,1824.49,1849.19,1822.82,1843.93,4409.56,0.78
2026-04-20,1845.58,1863.14,1842.42,1857.48,4802.12,0.73
2026-04-21,1848.75,1849.51,1822.25,1842.37,4569.32,-0.81
2026-04-22,1834.1,1874.87,1834.1,1874.6,4835.45,1.75
2026-04-23,1883.5,1885.11,1822.56,1840.6,5031.62,-1.81
2026-04-24,1845.2,1868.86,1816.44,1855.33,4865.9,0.8
2026-04-27,1869.91,1909.52,1854.28,1901.63,5296.75,2.5
2026-04-28,1895.88,1914.26,1864.68,1875.79,5144.88,-1.36
2026-04-29,1857.89,1890.62,1838.75,1885.91,4947.16,0.54
2026-04-30,1893.83,1961.16,1893.83,1950.43,6239.48,3.42
2026-05-06,1995.86,2060.45,1994.51,2023.66,7086.0,3.75
2026-05-07,2026.43,2067.16,2008.78,2064.03,5955.35,1.99
2026-05-08,2039.61,2046.92,2018.79,2038.28,5961.57,-1.25
2026-05-11,2074.04,2111.24,2059.21,2106.97,7106.54,3.37
