index_code,display_name,publish_date
000300,沪深300,2005-04-08
000500,内地企业,2014-10-17
000501,中国1000,2016-05-10
000510,中证A500,2024-09-23
000801,资源80,2011-11-08
000802,500沪市,2011-11-08
000803,300波动,2012-01-09
000804,500波动,2012-01-09
000805,A股资源,2012-01-06
000806,消费服务,2012-02-10
000807,食品饮料,2012-02-17
000808,医药生物,2012-02-17
000811,细分有色,2012-04-11
000812,细分机械,2012-04-11
000813,细分化工,2012-04-11
000814,细分医药,2012-04-11
000815,细分食品,2012-04-11
000816,细分地产,2012-04-11
000818,细分金融,2012-04-11
000819,有色金属,2012-05-09
000820,煤炭指数,2012-05-09
000821,300红利,2012-07-20
000822,500红利,2012-07-20
000824,国企红利,2012-07-20
000825,央企红利,2012-07-20
000826,民企红利,2012-07-20
000827,中证环保,2012-09-25
000828,300高贝,2012-08-06
000829,300低贝,2012-08-06
000830,500高贝,2012-08-06
000831,500低贝,2012-08-06
000832,中证转债,2012-09-12
000833,中高企债,2012-09-10
000834,价值7030,2012-08-30
000835,价值3070,2012-08-30
000836,成长7030,2012-08-30
000837,成长3070,2012-08-30
000838,创业价值,2012-09-26
000839,浙企综指,2012-11-09
000840,浙江民企,2012-11-09
000841,800医药,2012-12-21
000842,800等权,2012-12-21
000843,300动态,2013-01-07
000844,300稳定,2013-01-07
000845,中期信用,2012-09-18
000846,ESG 100,2012-10-16
000852,中证1000,2014-10-17
000855,央视500,2014-11-03
000859,国企一带一路,2019-05-16
000860,结构调整,2018-03-26
000861,央企创新,2019-05-16
000891,新兴综指,2017-01-25
000901,小康指数,2010-04-02
000902,中证流通,2006-02-27
000903,中证A100,2006-05-29
000904,中证200,2007-01-15
000905,中证500,2007-01-15
000906,中证800,2007-01-15
000907,中证700,2007-01-15
000908,300能源,2007-07-02
000909,300材料,2007-07-02
000910,300工业,2007-07-02
000911,300可选,2007-07-02
000912,300消费,2007-07-02
000913,300医药,2007-07-02
000914,300金融,2007-07-02
000915,300信息,2007-07-02
000916,300通信,2007-07-02
000917,300公用,2007-07-02
000918,300成长,2008-01-21
000919,300价值,2008-01-21
000920,300R成长,2008-01-21
000921,300R价值,2008-01-21
000922,中证红利,2008-05-26
000923,公司债指,2008-11-19
000925,基本面50,2009-02-26
000926,中证央企,2009-03-30
000927,央企100,2009-03-30
000928,800能源,2009-07-03
000929,800材料,2009-07-03
000930,800工业,2009-07-03
000931,800可选,2009-07-03
000932,800消费,2009-07-03
000933,800医卫,2009-07-03
000934,800金地,2009-07-03
000935,800信息,2009-07-03
000936,800通信,2009-07-03
000937,800公用,2009-07-03
000938,中证民企,2009-08-25
000939,民企成长,2009-08-25
000940,财富大盘,2009-09-25
000941,新能源,2009-10-28
000942,内地消费,2009-10-28
000943,新基建50,2009-10-28
000944,内地资源,2009-10-28
000945,内地运输,2009-10-28
000947,内地银行,2009-10-28
000948,内地地产,2009-10-28
000949,中证农业,2009-10-28
000950,300基建,2009-10-28
000951,300银行,2009-10-28
000952,300地产,2009-10-28
000953,中证地企,2010-02-09
000954,地企100,2010-02-09
000955,中证国企,2010-02-09
000956,国企200,2010-02-09
000957,300运输,2010-03-17
000958,创业成长,2010-03-24
000959,银河99,2010-02-09
000961,中证上游,2010-04-16
000962,中证中游,2010-04-16
000963,中证下游,2010-04-16
000964,中证新兴,2010-04-30
000965,基本200,2010-06-02
000966,基本400,2010-06-02
000967,基本600,2010-06-02
000968,300周期,2010-05-28
000969,300非周,2010-05-28
000970,ESG 40,2010-09-17
000971,等权90,2010-12-02
000972,300沪市,2010-12-02
000975,钱江30,2014-01-02
000977,内地低碳,2011-01-21
000978,医药100,2011-03-18
000979,大宗商品,2011-08-22
000980,中证超大,2011-05-10
000981,300分层,2011-06-13
000982,500等权,2011-06-13
000984,300等权,2011-08-02
000985,中证全指,2011-08-02
000986,全指能源,2011-08-02
000987,全指材料,2011-08-02
000988,全指工业,2011-08-02
000989,全指可选,2011-08-02
000990,全指消费,2011-08-02
000991,全指医药,2011-08-02
000992,金融地产,2011-08-02
000993,全指信息,2011-08-02
000994,全指通信,2011-08-02
000995,全指公用,2011-08-02
000998,中证TMT,2011-11-08
399707,CSSW证券,2015-04-16
399802,500深市,2012-09-05
399803,工业4.0,2015-02-13
399804,中证体育,2015-02-09
399805,互联金融,2015-02-10
399806,环境治理,2014-07-21
399807,高铁产业,2015-01-20
399808,中证新能,2015-02-10
399809,保险主题,2015-02-13
399810,CSSW传媒,2015-08-03
399811,CSSW电子,2015-08-03
399812,养老产业,2014-06-06
399813,中证国安,2015-01-29
399814,大农业,2014-07-22
399959,军工指数,2011-08-30
399965,800地产,2012-12-21
399966,800证保,2012-12-21
399967,中证军工,2013-12-26
399970,移动互联,2014-05-05
399971,中证传媒,2014-04-15
399972,300深市,2012-06-21
399973,中证国防,2014-04-15
399974,国企改革,2014-08-07
399975,证券公司,2013-07-15
399976,CS新能车,2014-11-28
399983,地产等权,2013-11-22
399986,中证银行,2013-07-15
399987,中证酒,2014-12-10
399989,中证医疗,2014-10-31
399990,煤炭等权,2015-01-21
399991,一带一路,2015-02-16
399992,CSWD并购,2015-05-08
399993,CSWD生科,2015-05-08
399994,信息安全,2015-03-12
399995,基建工程,2015-03-12
399996,智能家居,2014-09-17
399997,中证白酒,2015-01-21
399998,中证煤炭,2015-02-13
899001,北证综指,2022-04-29
899050,北证50,2022-11-21
930050,中证A50,2024-01-02
930598,稀土产业,2015-03-02
930599,中证高装,2015-03-02
930601,中证软件,2015-03-10
930604,中国互联网30,2015-03-23
930606,中证钢铁,2015-03-31
930607,中证汽车,2015-03-31
930608,中证基建,2015-03-31
930609,纯债债基,2016-08-31
930610,普通债基,2016-08-31
930611,中小国改,2015-04-07
930612,混合改革,2015-04-07
930613,非周民企,2015-04-07
930614,环保50,2015-04-07
930616,中证文体,2015-05-19
930617,军工信息,2015-04-16
930618,中证保险,2015-04-16
930619,黄金采掘,2015-04-16
930620,CSSW丝路,2015-04-23
930621,CSSW高铁,2015-04-23
930622,CSSW白酒,2015-04-23
930625,SHS互联网,2015-04-21
930626,沪港深内地保险,2015-04-21
930629,CSSW健康,2015-05-08
930632,CS稀金属,2015-05-12
930633,中证旅游,2015-05-08
930634,CS土改农,2015-05-08
930635,CS智慧农,2015-05-08
930640,CSWD重组,2015-05-08
930641,中证中药,2015-05-19
930642,中证核电,2015-05-19
930643,CS轻资产,2015-05-19
930644,港股通中国内地,2018-08-14
930646,美股中国内地,2018-08-14
930648,CS智消费,2015-06-05
930649,中证安防,2015-06-24
930650,中证海洋,2015-05-29
930651,CS计算机,2015-06-05
930652,CS电子,2015-06-05
930653,CS食品饮,2015-06-05
930654,CS休闲娱,2015-06-05
930655,500两倍,2015-06-16
930656,500反向,2015-06-16
930657,500反两,2015-06-16
930660,CSSW体育,2015-06-24
930661,CSSW互金,2015-06-24
930662,CS现代农,2015-07-13
930665,商品动量,2015-07-20
930666,商品趋势,2015-07-20
930667,300精明,2015-07-16
930670,500商业,2015-07-07
930671,500运输,2015-07-07
930672,500资本品,2015-07-07
930673,500地产,2015-07-07
930674,500零售,2015-07-07
930675,500传媒,2015-07-07
930676,500耐用,2015-07-07
930677,500汽车汽配,2015-07-07
930679,500电子,2015-07-07
930680,500计算机,2015-07-07
930681,500医药(二级),2015-07-07
930682,500食品饮料,2015-07-07
930683,500电力设备,2015-07-07
930684,500机械,2015-07-07
930685,500建筑装饰,2015-07-07
930686,500一般零售,2015-07-07
930687,500纺织服装,2015-07-07
930688,500家用电器,2015-07-07
930689,500煤炭,2015-07-07
930690,500硬件,2015-07-07
930691,500化学药,2015-07-07
930692,500化学制品,2015-07-07
930693,500建筑材料,2015-07-07
930694,500有色,2015-07-07
930695,500农牧渔,2015-07-07
930696,500饮料,2015-07-07
930697,家用电器,2015-07-07
930698,CS水利,2015-07-31
930700,CS上海,2015-07-09
930701,CS京津冀,2015-07-09
930702,CS西部,2015-07-09
930703,福建50,2015-07-09
930704,CS广东,2015-07-09
930706,中证水泥,2015-07-13
930707,中证畜牧,2015-07-13
930708,中证有色,2015-07-13
930709,香港证券,2015-07-13
930711,CS智穿戴,2015-07-31
930712,CS物联网,2015-07-31
930713,CS人工智,2015-07-31
930715,CS朝阳88,2015-08-05
930716,CS物流,2015-07-31
930717,SHS中国教育,2015-07-31
930718,CS航运,2015-07-31
930719,CS精准医,2015-08-05
930720,CS互医疗,2015-08-05
930721,CS智汽车,2015-08-05
930722,CS互平台,2015-08-05
930723,沪港深F100,2015-08-05
930725,CS车联网,2015-08-05
930726,CS生医,2015-08-05
930727,CS自贸区,2015-08-05
930728,CS乐园,2015-08-05
930732,CS中国造,2015-08-10
930733,CS互联+,2015-08-10
930734,360互联+,2015-08-10
930735,海外中国内地,2018-08-14
930738,四川国改,2018-07-10
930740,300红利低波,2018-12-04
930741,CS航空,2015-08-26
930742,中证电商,2015-08-26
930743,中证生科,2015-08-26
930746,港中小企,2015-08-26
930758,凤凰50,2018-11-21
930766,民企高装主题,2015-10-29
930767,沪深300优选,2015-12-10
930771,CS新能源,2015-12-16
930772,A100两倍,2015-12-25
930773,A100反向,2015-12-25
930774,A100反两,2015-12-25
930775,钢铁CFI,2015-12-25
930776,CS增持,2016-01-14
930777,CS定增,2016-01-14
930780,中证兴业中高债,2016-02-01
930781,中证影视,2016-02-04
930782,500SNLV,2016-02-04
930783,CS英大EI,2016-02-04
930786,短融AAA,2016-03-03
930787,短融AA+,2016-03-03
930788,短融AA,2016-03-03
930789,CSMA预期,2016-03-29
930790,CS娱乐TI,2016-03-22
930791,CS医药TI,2016-03-22
930792,HK银行,2016-04-22
930794,中美互联网,2016-04-22
930796,全球中国互联网,2016-04-22
930820,CS高端制,2016-05-11
930821,中证VR,2016-05-11
930823,中证中票,2016-05-25
930824,中票AAA,2016-05-25
930825,中票AA+,2016-05-25
930826,中票AA,2016-05-25
930827,中票AA-,2016-05-25
930828,中票0-1,2016-05-25
930829,中票1-3,2016-05-25
930830,中票3-5,2016-05-25
930831,中票5-7,2016-05-25
930832,中票7+,2016-05-25
930833,中票城投,2016-05-25
930834,中票非城投,2016-05-25
930836,沪港深高股息,2016-06-08
930838,CS高股息,2016-06-08
930839,港股通高息精选,2016-06-08
930841,2025退休,2016-07-15
930842,2035退休,2016-07-15
930843,2045退休,2016-07-15
930844,企业年金,2016-09-12
930845,CS供给侧,2016-06-24
930846,300SNLV,2016-06-24
930847,800SNLV,2016-06-24
930848,1000SNLV,2016-06-24
930849,10年国开债,2016-06-30
930850,智能制造,2016-07-20
930851,云计算,2016-07-20
930852,量子通信,2016-07-20
930853,海绵城市,2016-07-20
930854,水环境,2016-07-20
930855,CS质量成长,2016-07-12
930856,HK质量,2016-07-12
930858,沪港深质量,2016-07-12
930860,盈利质量,2016-07-12
930861,香港EQ,2016-07-12
930863,沪港深EQ,2016-07-12
930865,5年地债,2016-07-19
930866,10年地债,2016-07-19
930867,目标2055,2016-08-02
930868,目标2035,2016-08-02
930869,目标2045,2016-08-02
930870,政金债,2016-08-09
930871,政金债1-3,2016-08-09
930872,政金债3-5,2016-08-09
930873,政金债5-8,2016-08-09
930874,政金债8-10,2016-08-09
930875,空天军工,2016-08-17
930876,香港彩娱,2016-08-17
930878,中国质量成长,2016-08-18
930880,中国盈利质量,2016-08-18
930882,CS珠三角,2016-08-17
930883,创新驱动,2016-10-19
930884,300创新,2016-10-19
930885,500创新,2016-10-19
930886,煤炭CFI,2016-08-18
930887,300DRC,2016-08-18
930888,500DRC,2016-08-18
930889,ETF市价,2016-08-31
930890,主动股基,2016-08-31
930891,被动股基,2016-08-31
930892,普通混基,2016-08-31
930893,灵活混基,2016-08-31
930895,定开债基,2016-08-31
930897,非纯债基,2016-08-31
930898,转债债基,2016-08-31
930899,全球消费50,2016-10-13
930901,动漫游戏,2016-10-18
930902,中证数据,2016-10-18
930903,中证A股,2016-10-18
930906,软商CFI,2016-11-07
930907,香港海外高股息,2016-11-07
930909,中证地产债,2016-11-07
930910,农牧渔,2016-12-12
930911,化学原料,2016-12-12
930914,港股通高股息,2016-11-25
930916,中证10年国债,2016-12-05
930917,SHS高股息,2016-12-28
930923,港中国中小,2018-09-28
930925,沪港深保险,2018-11-21
930927,CR基石,2016-12-23
930928,CR新动能,2016-12-23
930929,中证MARP,2017-01-09
930930,港股综合,2017-01-16
930931,港股通50,2017-01-16
930932,港股通内地证券,2017-01-16
930937,稳健成长,2017-01-18
930938,500成长估值,2018-12-04
930939,500质量成长,2018-11-21
930940,CME商品,2017-06-29
930942,300动态对冲,2017-04-28
930943,500动态对冲,2017-04-28
930944,1000动态对冲,2017-04-28
930945,香港新股,2017-03-17
930949,价值回报,2017-02-24
930950,偏股基金,2017-04-27
930951,交易所绿色债,2017-06-19
930952,黑金CFI,2017-06-29
930954,5年久期国开债,2017-05-22
930955,红利低波100,2017-05-26
930956,绿色投资,2017-05-26
930957,港股通中国100,2017-06-23
930959,港股通海外50,2017-06-23
930960,港股通能源C,2017-06-23
930961,港股通材料C,2017-06-23
930962,港股通工业C,2017-06-23
930964,港股通消费C,2017-06-23
930965,港股通医药C,2017-06-23
930966,港股通金融C,2017-06-23
930967,港股通信息C,2017-06-23
930968,港股通通信C,2017-06-23
930969,港股通公用C,2017-06-23
930981,东北指数,2017-06-14
930985,500 LBLV,2017-06-22
930986,金融科技,2017-06-22
930987,安徽发展,2019-03-20
930988,粮食CFI,2017-06-29
930989,油脂CFI,2017-06-29
930992,沪港深红利低波,2017-06-28
930994,工银股混,2017-07-12
930995,工银配置,2017-07-12
930996,5年久期政金债,2017-07-20
930997,新能源车,2017-07-19
930998,港股通大湾区,2017-07-19
930999,SHS大湾区,2017-07-19
931000,大湾区,2017-07-19
931004,女性消费,2017-07-21
931005,母婴消费,2017-07-21
931006,老年消费,2017-07-21
931008,汽车指数,2013-07-15
931009,建筑材料,2013-07-15
931010,1-3年国开债,2017-08-28
931013,消费低波,2017-10-18
931014,成长低波,2017-10-18
931016,中证5年国债活跃券,2017-10-25
931017,中证10年国债活跃券,2017-10-25
931018,中证5-10年国债活跃券,2017-10-25
931019,香港汽车,2022-07-21
931020,装配建筑,2017-10-17
931021,家电龙头,2017-10-17
931022,大气治理,2017-10-17
931023,北京50,2017-10-30
931024,港股通非银,2017-11-06
931025,港股通地产,2017-11-06
931026,港股通 TMT,2017-11-06
931027,港股通大消费,2017-11-06
931032,复兴100,2017-11-06
931033,杭州湾区,2017-11-08
931034,南方2025,2018-01-18
931035,南方2035,2018-01-18
931036,南方2045,2018-01-18
931037,绿色领先,2018-01-04
931038,A100AH,2017-12-06
931039,银行AH,2017-12-06
931040,证券AH,2017-12-06
931041,证保AH,2017-12-06
931042,能源AH,2017-12-06
931043,央企AH,2017-12-06
931044,国企AH,2017-12-06
931052,国信价值,2017-12-08
931053,高股息策略,2017-12-11
931054,财务稳健,2017-12-11
931055,稳健低波,2017-12-11
931057,股权激励,2018-01-04
931058,竞争优势,2018-01-04
931059,同业存单AAA,2018-01-11
931060,高等级同业存单,2018-01-11
931061,时钟配置,2018-01-22
931062,质量低波,2018-01-22
931063,创始经营,2018-01-22
931066,军工龙头,2018-02-05
931067,绩优策略,2018-02-14
931068,消费龙头,2018-11-21
931069,中金300,2018-02-14
931071,人工智能,2018-11-21
931073,CSIHK1,2018-04-27
931074,CSIHK2,2018-04-27
931075,CSIHK3,2018-04-27
931076,CSIHK4,2018-04-27
931077,CSIHK5,2018-04-27
931078,中证转债及可交换债,2019-01-22
931079,5G通信,2019-04-25
931080,30年国债,2023-12-19
931082,A500现金流,2025-07-16
931083,全球电子游戏,2018-05-07
931087,科技龙头,2019-03-20
931088,180 ESG,2018-12-10
931090,海外中国能源,2018-08-14
931091,海外中国材料,2018-08-14
931092,海外中国工业,2018-08-14
931093,海外中国可选,2018-08-14
931094,海外中国消费,2018-08-14
931096,海外中国金融,2018-08-14
931097,海外中国信息,2018-08-14
931098,海外中国通信,2018-08-14
931099,海外中国公用,2018-08-14
931120,中国互联网1040,2018-09-28
931127,浙江新动能,2019-01-22
931129,盈利估值,2018-12-04
931130,红利成长低波,2018-12-04
931131,乡村振兴,2017-06-14
931132,诚通央企红利,2023-05-04
931133,经济蓝筹,2019-03-20
931134,AH经济蓝筹,2019-03-20
931136,深圳科技,2019-01-22
931138,高息低波,2018-12-04
931139,CS消费50,2019-03-20
931140,医药50,2019-03-20
931141,CS长三角,2019-03-20
931142,东证竞争,2019-03-20
931143,CS红利配置,2019-04-22
931144,通信技术,2019-05-30
931145,中证绿色债,2019-01-31
931146,交易所绿色债AAA,2019-01-31
931147,交易所高等级绿色债,2019-01-31
931148,ESG 80,2019-02-27
931149,环境质量,2019-01-31
931150,绿色质量,2019-01-31
931151,光伏产业,2019-04-22
931152,CS创新药,2019-04-22
931153,FOF基金,2019-05-24
931154,能源CFI,2019-08-27
931155,300质量成长,2019-04-22
931156,800质量成长,2019-04-22
931157,SHS红利成长LV,2019-04-25
931159,创新100,2019-05-16
931160,通信设备,2013-07-15
931161,0-4年地债,2019-04-25
931162,中证转债及可交换债50,2019-04-25
931163,浙江100,2019-04-25
931165,新兴科技100,2019-04-25
931166,医药健康100,2019-04-25
931167,先进制造100,2019-04-25
931168,绿色价值100,2019-06-27
931169,证券30,2019-05-30
931170,民企龙头,2019-04-25
931172,信用主体50,2019-05-30
931173,中证消费与供应链金融ABS,2019-06-10
931174,0-3年央企25,2019-05-30
931175,银行50金融债,2019-05-30
931176,台州综指,2019-05-30
931177,全球台州综指,2019-05-30
931179,台州制造30,2019-05-30
931180,易方达2030,2019-05-24
931181,易方达2040,2019-05-24
931182,易方达2050,2019-05-24
931183,易方达2060,2019-05-24
931184,易方达中低,2019-05-24
931185,易方达中等,2019-05-24
931186,中证科技,2019-05-30
931187,科技100,2019-05-30
931188,300欧元对冲,2019-11-15
931189,信用债AAA,2019-06-27
931190,信用债AA+,2019-06-27
931191,信用债AA,2019-06-27
931192,信用债0-1,2019-06-27
931193,信用债1-3,2019-06-27
931194,信用债3-5,2019-06-27
931195,信用债5-7,2019-06-27
931196,信用债7-10,2019-06-27
931197,信用债1-5,2019-06-27
931198,信用债中高等级,2019-06-27
931199,信用债0-1中高等级,2019-06-27
931200,信用债1-3中高等级,2019-06-27
931201,信用债3-5中高等级,2019-06-27
931202,信用债5-7中高等级,2019-06-27
931203,信用债7-10中高等级,2019-06-27
931204,信用债1-5中高等级,2019-06-27
931205,信用债0-1AAA,2019-06-27
931206,信用债1-3AAA,2019-06-27
931207,信用债3-5AAA,2019-06-27
931208,信用债5-7AAA,2019-06-27
931209,信用债7-10AAA,2019-06-27
931210,信用债1-5AAA,2019-06-27
931211,信用债0-1AA+,2019-06-27
931212,信用债1-3AA+,2019-06-27
931213,信用债3-5AA+,2019-06-27
931214,信用债5-7AA+,2019-06-27
931215,信用债7-10AA+,2019-06-27
931216,信用债1-5AA+,2019-06-27
931217,信用债0-1AA,2019-06-27
931218,信用债1-3AA,2019-06-27
931219,信用债3-5AA,2019-06-27
931220,信用债5-7AA,2019-06-27
931221,信用债7-10AA,2019-06-27
931222,信用债1-5AA,2019-06-27
931223,智选央企质量信用债,2023-10-25
931224,港股通休闲消费,2017-06-23
931225,农银乡村振兴,2023-06-19
931226,1000质量成长,2023-07-19
931227,国泰海通ESG股债联动,2023-03-22
931228,亚洲新兴市场科技,2024-01-02
931229,中证氢能,2023-04-03
931230,汽车零部件,2013-07-15
931231,央企红利50,2023-05-04
931232,朝阳100,2023-08-08
931233,港股通央企红利,2017-06-28
931234,长三角示范区50,2023-04-13
931235,中证电信,2022-07-21
931236,转债价值,2023-04-03
931237,CS贵金属,2024-01-12
931238,SSH黄金股票,2017-10-17
931239,港股通汽车,2022-07-21
931240,金选偏股基金,2023-06-28
931241,家居家电,2023-03-23
931242,央企ESG 50,2023-05-04
931243,诚通央企ESG,2023-05-04
931244,信达央企质量50,2023-08-01
931245,央企基建,2023-05-04
931246,商用飞机,2022-07-21
931247,中证信创,2012-12-21
931248,油气资源,2023-06-12
931249,沪深港内地100,2023-11-20
931250,港股通创新药,2012-07-20
931251,国新央企ESG成长100,2023-05-08
931252,汽车电子产业,2022-01-07
931253,证券时报ESG百强,2023-09-21
931254,央企高装,2023-05-04
931255,主动偏股优选等权基金,2023-11-06
931257,SSH贵金属,2016-11-07
931258,东证价值,2024-09-30
931259,转债成长策略,2023-05-16
931260,互联互通A股投资,2019-11-18
931261,全球电子竞技,2019-11-25
931265,民企300,2019-11-15
931266,民企贡献,2019-11-15
931267,民企领先,2019-11-15
931268,持续发展,2019-11-15
931269,港股通30,2023-11-21
931271,通信设备主题,2012-12-21
931272,华夏银行绿色经济,2023-11-20
931273,海南指数,2019-10-18
931274,政金债0-1,2019-11-18
931275,政金债1-5,2019-11-18
931276,政金债5-10,2019-11-18
931277,政金债10+,2019-11-18
931278,政金债10-25,2019-11-18
931279,国开债,2019-11-18
931280,国开债0-1,2019-11-18
931281,国开债1-5,2019-11-18
931282,国开债3-5,2019-11-18
931283,国开债5-7,2019-11-18
931284,国开债5-10,2019-11-18
931285,国开债10+,2019-11-18
931286,国开债10-25,2019-11-18
931287,农发债,2019-11-18
931288,农发债0-1,2019-11-18
931289,农发债1-3,2019-11-18
931290,农发债1-5,2019-11-18
931291,农发债3-5,2019-11-18
931292,农发债5-7,2019-11-18
931293,农发债5-10,2019-11-18
931294,农发债7-10,2019-11-18
931295,进出口债,2019-11-18
931296,进出口债0-1,2019-11-18
931297,进出口债1-3,2019-11-18
931298,进出口债1-5,2019-11-18
931299,进出口债3-5,2019-11-18
931300,进出口债5-7,2019-11-18
931301,进出口债5-10,2019-11-18
931302,进出口债7-10,2019-11-18
931303,国债及政金债,2019-11-18
931304,国债及政金债0-1,2019-11-18
931305,国债及政金债1-3,2019-11-18
931306,国债及政金债1-5,2019-11-18
931307,国债及政金债3-5,2019-11-18
931308,国债及政金债5-7,2019-11-18
931309,国债及政金债5-10,2019-11-18
931310,国债及政金债7-10,2019-11-18
931311,国债及政金债10+,2019-11-18
931312,国债及政金债10-25,2019-11-18
931313,国债及政金债30,2019-11-18
931314,1-5年长三角地债,2019-10-18
931315,1-5年江苏债,2019-10-18
931316,1-5年山东债,2019-10-18
931317,1-5年四川债,2019-10-18
931318,1-5年湖南债,2019-10-18
931319,1-5年贵州债,2019-10-18
931320,1-5年河南债,2019-10-18
931321,1-5年浙江债,2019-10-18
931322,1-5年广东债,2019-10-18
931323,1-5年河北债,2019-10-18
931324,1-5年云南债,2019-10-18
931325,1-3年长三角地债,2019-10-18
931326,1-3年江苏债,2019-10-18
931327,1-3年山东债,2019-10-18
931328,1-3年四川债,2019-10-18
931329,1-3年湖南债,2019-10-18
931330,1-3年贵州债,2019-10-18
931331,1-3年河南债,2019-10-18
931332,1-3年浙江债,2019-10-18
931333,1-3年广东债,2019-10-18
931334,1-3年河北债,2019-10-18
931335,1-3年云南债,2019-10-18
931336,1-5年地债,2019-10-18
931340,中证转债平衡策略,2019-11-15
931341,大湾区高质发展,2019-10-18
931343,大湾区价值蓝筹,2019-10-18
931345,大湾区红利低波,2019-10-18
931347,大湾区科技领先,2019-10-18
931349,大湾区先进制造,2019-10-18
931351,大湾区消费升级,2019-10-18
931353,CS科技,2019-11-15
931354,CS消费,2019-11-15
931355,CS周期,2019-11-15
931356,民企创新,2019-11-15
931357,优选消费50,2019-11-15
931360,铁路债券,2019-10-18
931361,铁路债券0-1,2019-10-18
931362,铁路债券1-3,2019-10-18
931363,铁路债券1-5,2019-10-18
931365,铁路债券3-5,2019-10-18
931366,铁路债券5-7,2019-10-18
931367,铁路债券5-10,2019-10-18
931368,铁路债券7-10,2019-10-18
931369,铁路债券10+,2019-10-18
931370,交易所铁路债券,2019-11-15
931371,品牌消费100,2019-11-25
931372,浙江国资,2019-12-09
931373,股息龙头,2019-11-15
931375,300质量低波,2019-11-25
931376,泰康红利LV,2019-11-28
931377,经济成长,2019-12-26
931378,AH经济成长,2019-12-26
931380,科技50,2019-11-25
931381,中证长三角,2019-11-25
931382,智选300 ESG领先,2019-11-25
931383,CS医药50,2019-12-26
931384,300美元对冲2,2019-11-15
931385,500美元对冲2,2019-11-15
931386,1000美元对冲2,2019-11-15
931387,300瑞郎对冲,2019-11-15
931388,智选AAA短期公司债,2019-11-25
931389,300波控3,2019-11-15
931390,500波控3,2019-11-15
931391,红利波控3,2019-11-15
931392,转债50,2020-01-14
931393,湖北指数,2020-02-04
931394,信息科技50,2020-01-23
931395,沪港深300,2020-01-14
931397,A股通50,2020-02-20
931398,A股通100,2020-02-20
931399,中信债股稳健,2019-11-25
931400,中信债股进取,2019-11-25
931401,香港30,2023-11-21
931402,证券先锋,2020-01-14
931403,品牌工程,2020-01-14
931404,SHS品牌消费50,2020-02-20
931406,5G 50,2020-02-20
931407,全球金矿,2020-02-20
931409,SHS创新药,2020-02-20
931411,中证华泰证券转债价值,2020-02-20
931412,证券公司30,2020-02-20
931413,全球金矿主题,2023-11-01
931414,长三角地债,2020-03-13
931415,江苏债,2020-03-13
931416,山东债,2020-03-13
931417,四川债,2020-03-13
931418,湖南债,2020-03-13
931419,贵州债,2020-03-13
931420,河南债,2020-03-13
931421,浙江债,2020-03-13
931422,广东债,2020-03-13
931423,河北债,2020-03-13
931424,云南债,2020-03-13
931425,安徽债,2020-03-13
931426,福建债,2020-03-13
931427,湖北债,2020-03-13
931428,辽宁债,2020-03-13
931429,内蒙古债,2020-03-13
931430,1-5年安徽债,2020-03-13
931431,1-5年福建债,2020-03-13
931432,1-5年湖北债,2020-03-13
931433,1-5年辽宁债,2020-03-13
931434,1-5年内蒙古债,2020-03-13
931435,1-3年安徽债,2020-03-13
931436,1-3年福建债,2020-03-13
931437,1-3年湖北债,2020-03-13
931438,1-3年辽宁债,2020-03-13
931439,1-3年内蒙古债,2020-03-13
931440,创新药30,2020-04-21
931441,AI 50,2020-05-06
931442,SHS科技100,2020-04-21
931446,东证红利低波,2020-04-21
931447,科技先锋,2020-04-21
931448,平安恒定风险,2020-01-23
931450,新能车主题,2024-08-26
931451,五矿金属矿业,2024-06-28
931452,大湾区质量成长均衡,2020-03-13
931454,港股通消费,2020-03-06
931456,中国教育,2020-04-21
931461,电子50,2009-07-22
931463,300 ESG,2020-04-30
931465,300 ESG领先,2020-04-30
931466,300 ESG价值,2020-04-30
931467,医药龙头,2020-05-21
931468,红利质量,2020-05-21
931469,云计算50,2020-06-12
931470,SHS云计算,2020-04-21
931472,7-10年国开债L,2020-07-17
931473,民企50,2023-11-09
931474,SHS地产龙头,2015-03-13
931476,ESG 120策略,2020-04-30
931477,华夏银行ESG,2020-04-30
931479,证券保险,2020-05-06
931480,线上消费,2020-05-06
931481,SHS线上消费,2020-05-06
931483,电子科技50,2020-06-12
931484,CS医药创新,2020-05-06
931487,SHS人工智能50,2020-05-06
931489,A股通策略,2020-05-21
931491,5G 100,2020-06-12
931492,SHS 5G 100,2020-06-12
931493,精选市场金矿,2023-11-01
931494,消费电子,2020-06-12
931495,工业互联,2020-07-08
931497,沪港深新基建,2020-07-07
931499,长三角信用债,2020-07-01
931500,京津冀信用债,2020-07-01
931501,大湾区信用债,2020-07-01
931502,北京信用债,2020-07-01
931503,上海信用债,2020-07-01
931504,天津信用债,2020-07-01
931505,江苏信用债,2020-07-01
931506,广东信用债,2020-07-01
931508,浙江信用债,2020-07-01
931509,福建信用债,2020-07-01
931510,湖北信用债,2020-07-01
931511,四川信用债,2020-07-01
931512,周期50,2020-07-17
931514,央企25债,2020-07-01
931515,0-5年央企25,2020-07-01
931516,3-7年央企25,2020-07-01
931517,0-3年银行50金融债,2020-07-01
931518,0-5年银行50金融债,2020-07-01
931519,3-7年银行50金融债,2020-07-01
931521,高装细分50,2020-07-08
931522,央企新动能,2020-07-01
931523,SHS动漫游戏,2020-07-08
931524,SHS科技龙头,2020-07-16
931525,兴业证券ESG盈利100,2020-08-06
931526,企业核心竞争力50,2020-08-24
931528,光伏设备行业,2021-08-24
931529,国企数字经济,2023-08-04
931530,内地企业能源,2014-10-17
931531,内地企业材料,2014-10-17
931532,内地企业工业,2014-10-17
931533,内地企业可选,2014-10-17
931534,内地企业消费,2014-10-17
931535,内地企业医药,2014-10-17
931536,内地企业金融,2014-10-17
931537,内地企业信息,2014-10-17
931538,内地企业通信,2014-10-17
931539,内地企业公用,2014-10-17
931540,中国1000能源,2016-05-10
931541,中国1000材料,2016-05-10
931542,中国1000工业,2016-05-10
931543,中国1000可选,2016-05-10
931544,中国1000消费,2016-05-10
931545,中国1000医药,2016-05-10
931546,中国1000金融,2016-05-10
931547,中国1000信息,2016-05-10
931548,中国1000通信,2016-05-10
931549,中国1000公用,2016-05-10
931550,内地企业动量,2016-12-28
931551,内地企业ERC,2016-12-28
931552,1-3年国债,2020-08-03
931553,0-1年国债,2020-08-03
931554,长江保护,2020-08-19
931555,新能电池,2015-06-11
931557,苏锡常指,2020-08-27
931558,无锡指数,2020-08-27
931559,苏银理财长三角,2020-08-27
931566,信用债隐含AAA+,2020-09-07
931567,信用债隐含AAA,2020-09-07
931568,信用债隐含AAA-,2020-09-07
931569,信用债隐含AA+,2020-09-07
931570,信用债隐含AA,2020-09-07
931571,非银转债质量,2020-09-07
931572,非银转债50,2020-09-07
931573,港股通科技,2014-05-21
931574,港股科技,2013-05-21
931575,SHS物联网,2015-07-31
931576,中证中信中高券商债,2020-10-23
931577,沪深300 ESG债券,2020-10-21
931578,沪深300 ESG信用债,2020-10-21
931579,东证优势成长,2020-11-09
931580,SHS游戏传媒,2015-05-13
931581,周期稳健成长50,2017-10-18
931582,数字经济,2020-11-09
931583,SHS数字经济,2020-11-09
931585,卫星导航,2020-11-09
931586,300价值稳健,2020-11-09
931587,500价值稳健,2020-11-09
931588,1000价值稳健,2020-11-09
931589,300成长创新,2020-11-09
931590,500成长创新,2020-11-09
931591,1000成长创新,2020-11-09
931592,医疗科技,2020-11-09
931593,科技领先,2020-12-22
931594,卫星产业,2020-12-22
931595,CSSW通胀防御,2020-12-22
931596,SHS张江50,2020-12-18
931597,全球张江综指,2020-12-18
931599,湖南50,2024-10-30
931600,信用债隐含投资级,2021-01-13
931601,信用债隐含高收益,2021-01-13
931602,信用债0-1隐含AAA+,2021-01-13
931603,信用债0-1隐含AAA,2021-01-13
931604,信用债0-1隐含AAA-,2021-01-13
931605,信用债0-1隐含AA+,2021-01-13
931606,信用债0-1隐含AA,2021-01-13
931607,信用债0-1隐含投资级,2021-01-13
931608,信用债0-1隐含高收益,2021-01-13
931609,信用债1-3隐含AAA+,2021-01-13
931610,信用债1-3隐含AAA,2021-01-13
931611,信用债1-3隐含AAA-,2021-01-13
931612,信用债1-3隐含AA+,2021-01-13
931613,信用债1-3隐含AA,2021-01-13
931614,信用债1-3隐含投资级,2021-01-13
931615,信用债1-3隐含高收益,2021-01-13
931616,信用债1-5隐含AAA+,2021-01-13
931617,信用债1-5隐含AAA,2021-01-13
931618,信用债1-5隐含AAA-,2021-01-13
931619,信用债1-5隐含AA+,2021-01-13
931620,信用债1-5隐含AA,2021-01-13
931621,信用债1-5隐含投资级,2021-01-13
931622,信用债1-5隐含高收益,2021-01-13
931623,信用债3-5隐含AAA+,2021-01-13
931624,信用债3-5隐含AAA,2021-01-13
931625,信用债3-5隐含AAA-,2021-01-13
931626,信用债3-5隐含AA+,2021-01-13
931627,信用债3-5隐含AA,2021-01-13
931628,信用债3-5隐含投资级,2021-01-13
931629,信用债3-5隐含高收益,2021-01-13
931636,新基建主体信用,2021-01-13
931637,港股通互联网,2021-01-11
931638,港股互联网,2021-01-11
931639,创新药优势成长50,2021-02-19
931640,0-1年国开债L,2021-02-23
931641,1-3年国开债L,2021-02-23
931642,3-5年国开债L,2021-02-23
931643,科创创业50,2021-06-01
931644,800红利,2024-03-15
931645,1000红利,2024-03-15
931646,SHS新消费,2021-04-07
931647,兴银理财均衡300,2021-03-05
931648,500 ESG,2021-04-12
931649,500 ESG领先,2021-04-12
931650,800 ESG,2022-07-08
931651,800 ESG领先,2021-04-12
931652,厦门指数,2021-04-07
931653,转债偏股策略,2021-03-25
931656,全球算力,2025-09-24
931657,精选市场算力,2025-02-27
931660,中证东盟80,2011-08-12
931661,500 ESG价值,2021-04-12
931662,800 ESG价值,2021-04-12
931663,SHS消费龙头,2015-03-13
931664,动力电池,2021-04-07
931665,CS常州,2021-04-09
931666,宁波综指,2021-11-25
931667,800 ESG债券,2021-03-25
931668,800 ESG信用债,2021-03-25
931669,精选市场生物科技,2025-02-27
931670,医疗50,2015-04-08
931671,新能源车优势30,2021-04-29
931672,风电产业,2021-04-29
931673,SHS风电产业,2021-04-29
931674,中票短融0-1AAA,2021-03-05
931675,中票短融0-1高等级,2021-03-05
931676,中票短融0-3AAA,2021-03-05
931677,中票短融0-3高等级,2021-03-05
931678,目标保守,2021-04-09
931679,目标稳健,2021-04-09
931680,目标平衡,2021-04-09
931681,目标积极,2021-04-09
931682,酒主题,2009-06-16
931683,SHS酒主题,2012-12-21
931684,300价值策略,2024-05-17
931685,300成长策略,2024-05-17
931686,1000 ESG领先,2024-03-28
931687,证券时报价值100,2021-05-14
931688,中证算力,2022-07-21
931689,2年久期国开债,2021-05-14
931690,3年久期国开债,2021-05-14
931691,7年久期国开债,2021-05-14
931692,2年久期政金债,2021-05-14
931693,3年久期政金债,2021-05-14
931694,7年久期政金债,2021-05-14
931695,成渝经济圈,2021-04-29
931696,科技50策略,2021-07-12
931697,消费50策略,2021-07-12
931698,医药50策略,2021-07-12
931699,信用债隐含AA+以上,2021-06-01
931700,信用债隐含AA以上,2021-06-01
931701,信用债0-1隐含AA+以上,2021-06-01
931702,信用债1-3隐含AA+以上,2021-06-01
931703,信用债1-5隐含AA+以上,2021-06-01
931704,信用债3-5隐含AA+以上,2021-06-01
931705,信用债0-1隐含AA以上,2021-06-01
931706,信用债1-3隐含AA以上,2021-06-01
931707,信用债1-5隐含AA以上,2021-06-01
931708,信用债3-5隐含AA以上,2021-06-01
931709,信用债0-1隐含AA+以上利差策略,2021-07-09
931710,信用债1-3隐含AA+以上利差策略,2021-07-09
931711,信用债1-5隐含AA+以上利差策略,2021-07-09
931712,信用债3-5隐含AA+以上利差策略,2021-07-09
931713,信用债0-1隐含AA以上利差策略,2021-07-09
931714,信用债1-3隐含AA以上利差策略,2021-07-09
931715,信用债1-5隐含AA以上利差策略,2021-07-09
931716,信用债3-5隐含AA以上利差策略,2021-07-09
931717,宁波制造,2021-11-25
931718,高端造质量成长50,2021-08-25
931719,CS电池,2013-07-15
931720,CS武进,2021-08-19
931722,国新港股通央企红利,2023-09-13
931723,光通信,2023-10-31
931724,碳中和债,2021-08-12
931725,中华联合优质成长,2021-08-09
931726,网络安全,2021-08-09
931727,SHS食品,2021-08-19
931728,食品主题,2021-08-12
931730,SHS光伏30,2021-09-27
931731,SHS太阳能50,2021-09-27
931733,绿色能源,2021-08-19
931734,港美上市中美科技,2014-07-18
931735,信银ESG优选,2021-08-19
931736,债股利差稳健,2021-08-24
931737,债股利差平衡,2021-08-24
931738,债股利差平衡（含转债）,2021-08-24
931739,债券利差稳健（含转债）,2021-08-24
931740,中证中诚信城投债1-3隐含AA+及以上,2021-08-27
931741,中证中诚信胶东国企信用中高等级,2021-09-27
931742,工银理财碳中和配置,2021-07-12
931743,半导体材料设备,2012-12-21
931744,港股物业,2021-08-12
931745,SHS物业,2021-10-15
931746,储能产业,2015-06-11
931747,中证储能,2021-10-15
931748,中证绿色ABS,2021-09-03
931749,交易所绿色ABS,2021-09-03
931750,CXO,2021-09-27
931751,SHS CXO,2021-09-27
931752,工程机械主题,2021-09-27
931753,机械优势30,2012-12-21
931754,中证中诚信央企信用债,2021-08-27
931755,SEEE碳中和,2021-10-21
931756,证券公司债,2021-09-03
931757,证券公司债AAA,2021-09-03
931758,证券公司债高等级,2021-09-03
931759,证券公司债0-3AAA,2021-09-03
931760,证券公司债0-3高等级,2021-09-03
931761,新生消费,2017-07-21
931762,龙头优势50,2022-01-11
931763,SHS龙头优势50,2022-01-11
931765,SHS新生代消费,2021-10-29
931766,交易所政金债,2021-10-15
931767,交易所政金债0-3,2021-10-15
931768,交易所政金债0-5,2021-10-15
931769,新经济债,2021-10-29
931770,0-5年新经济债,2021-10-29
931771,华夏银行新经济,2021-10-15
931772,碳中和60,2021-11-09
931773,北银理财央企能源,2025-03-26
931774,沪港深AR/VR,2012-12-21
931775,房地产,2013-07-15
931776,生物育种,2021-11-09
931777,江苏高质量发展,2021-12-02
931778,农牧主题,2017-07-21
931779,中证中诚信广西城投债,2022-01-07
931780,SHS医药龙头,2021-12-02
931782,1000 ESG,2024-03-28
931783,智能驾驶,2022-02-21
931784,SSH智能驾驶,2022-02-21
931785,智选沪深港科技50,2025-06-27
931786,中信债股优选稳健,2021-10-29
931787,港股创新药,2018-08-14
931788,中韩50,2021-12-20
931789,中韩新能车,2021-12-20
931790,中韩半导体,2021-12-20
931791,大盘蓝筹25,2021-12-13
931792,新能车15,2021-12-13
931793,半导体15,2021-12-13
931794,消费领先50,2015-08-24
931795,碳中和主题债,2021-12-13
931796,0-3年碳中和主题债,2021-12-13
931797,0-5年碳中和主题债,2021-12-13
931798,光伏龙头30,2009-06-16
931799,国寿资产ESG绿色低碳100,2021-12-13
931800,绿色生态,2015-10-21
931801,SSH体育,2015-05-13
931802,中证龙头,2010-02-09
931803,龙头核心竞争力50,2012-09-27
931804,华夏银行ESG优选债,2022-01-07
931805,绿色金融债,2021-12-13
931806,0-3年绿色金融债,2021-12-13
931807,商业银行绿色债,2021-12-13
931808,0-3年商业银行绿色债,2021-12-13
931809,高股息ESG,2022-01-20
931810,汇丰大盘多因子,2022-04-11
931811,小家电主题,2022-01-20
931812,兴证财富50,2021-12-02
931813,同业存单6-12个月AAA,2022-02-21
931814,同业存单6-12个月高等级,2022-02-21
931815,同业存单0-6个月AAA,2022-02-21
931816,同业存单0-6个月高等级,2022-02-21
931817,股份制银行同业存单,2022-02-21
931818,国有大型银行同业存单,2022-02-21
931819,城农商行同业存单AAA,2022-02-21
931820,城农商行同业存单高等级,2022-02-21
931821,300金融行业,2023-06-12
931822,500金融,2023-06-12
931823,国资央企50,2023-11-09
931824,国企50,2023-11-09
931825,央企50,2023-11-09
931826,自主创新,2015-07-07
931827,港股通地产C,2022-07-21
931828,海外中国地产,2022-07-21
931829,中证回购,2023-10-17
931830,回购价值策略,2023-10-17
931831,回购质量策略,2023-10-17
931832,CN80地产,2022-07-21
931833,沪深港旅游休闲,2024-03-07
931834,福建100,2024-01-19
931835,H100地产,2022-07-21
931836,中信银行高等级信用债,2024-09-20
931837,央企现代产业,2023-10-18
931838,煤炭产业,2012-04-11
931839,海外中国医药,2022-07-21
931844,0-3年银行债及同业存单AAA,2022-04-11
931845,生猪产业,2012-04-11
931846,500 ESG优选,2022-03-21
931847,500红利低波,2024-05-21
931848,800红利低波,2024-05-21
931849,1000红利低波,2024-05-21
931850,中证中诚信山东信用债AAA,2020-07-01
931851,绿色电力50,2022-05-09
931852,每经品牌100,2022-05-10
931853,全球中国电动车,2025-04-17
931854,低碳盈利100,2022-07-08
931855,通用航空,2025-04-02
931856,苏州中高等级信用债,2022-07-04
931857,苏州制造100,2022-07-04
931858,苏州综指,2022-07-04
931859,300碳中和,2022-03-07
931860,0-3月国债,2022-03-21
931861,0-6月国债,2022-03-21
931862,0-9月国债,2022-03-21
931863,6-12月国债,2022-03-21
931865,中证半导,2019-03-20
931866,中证机床,2022-05-09
931867,SSH高装,2022-07-18
931868,商业银行债,2022-07-07
931869,AAA商业银行债,2022-07-07
931870,高等级商业银行债,2022-07-07
931871,商业银行债普通债,2022-07-07
931872,AAA商业银行普通债,2022-07-07
931873,高等级商业银行普通债,2022-07-07
931874,商业银行债次级债,2022-07-07
931875,AAA商业银行次级债,2022-07-07
931876,高等级商业银行次级债,2022-07-07
931878,AAA银行债,2022-07-07
931879,高等级银行债,2022-07-07
931880,0-1年银行债,2022-07-07
931881,0-1年AAA银行债,2022-07-07
931882,0-1年高等级银行债,2022-07-07
931883,0-3年银行债,2022-07-07
931884,0-3年AAA银行债,2022-07-07
931885,0-3年高等级银行债,2022-07-07
931886,0-5年银行债,2022-07-07
931887,0-5年AAA银行债,2022-07-07
931888,0-5年高等级银行债,2022-07-07
931889,央视财经基金100,2022-04-19
931891,ESG 300成长优选,2022-07-18
931892,有色矿业,2013-07-15
931893,银发经济,2022-10-31
931894,北银理财央企能源股债,2025-03-26
931895,中证银保,2022-09-01
931896,300银保,2022-07-06
931897,绿色电力,2012-12-21
931898,全球智能汽车,2022-07-06
931899,全球智能驾驶,2022-07-12
931900,港美智能汽车,2022-07-06
931901,港美智能驾驶,2022-07-12
931902,长江信用债,2022-07-22
931903,黄河信用债,2022-07-22
931904,安徽信用债,2022-07-22
931905,重庆信用债,2022-07-22
931906,河北信用债,2022-07-22
931907,河南信用债,2022-07-22
931908,湖南信用债,2022-07-22
931909,江西信用债,2022-07-22
931910,山东信用债,2022-07-22
931911,山西信用债,2022-07-22
931912,陕西信用债,2022-07-22
931913,云南信用债,2022-07-22
931914,AAA企业永续债,2022-07-18
931915,高等级企业永续债,2022-07-18
931916,AAA商业银行永续债,2022-07-18
931917,高等级商业银行永续债,2022-07-18
931918,华夏银行新经济债,2022-07-12
931919,800银保,2022-07-06
931920,沪深港银保,2022-09-01
931921,精选市场电动车,2025-02-27
931922,新能源金属50,2022-09-01
931923,广西信用债,2022-07-22
931924,贵州信用债,2022-07-22
931925,辽宁信用债,2022-07-22
931926,吉林信用债,2022-07-22
931927,黑龙江信用债,2022-07-22
931928,新疆信用债,2022-07-22
931929,内蒙古信用债,2022-07-22
931931,建筑装饰,2022-07-21
931932,电力设备,2022-07-21
931933,全指环保,2022-07-21
931934,非金属材料,2022-07-21
931935,全指钢铁,2022-07-21
931936,全指有色,2022-07-21
931937,造纸与包装,2022-07-21
931938,服装珠宝,2022-07-21
931939,家庭用品,2022-07-21
931940,全指医疗,2022-07-21
931941,其他金融,2022-07-21
931944,银保主题,2009-10-28
931945,汽车半导,2022-09-01
931946,畜牧养殖,2023-07-28
931947,港股通有色,2022-07-21
931948,港股通机械,2022-07-21
931949,港股通运输,2022-07-21
931951,港股通纺织服装,2022-07-21
931952,港股通服务,2022-07-21
931953,港股通食品饮料,2022-07-21
931955,港股通制药,2022-07-21
931956,港股通银行,2022-07-21
931957,港股通资本市场,2022-07-21
931958,港股通电子,2022-07-21
931959,港股通传媒,2022-07-21
931960,港股通运输业,2022-07-21
931961,港股通交通设施,2022-07-21
931962,港股通休闲,2022-07-21
931963,港股通教育,2022-07-21
931965,港股通食品,2022-07-21
931966,港股通医疗商业,2022-07-21
931967,港股通化学药,2022-07-21
931968,港股通制药生物,2022-07-21
931969,港股通商业银行,2022-07-21
931970,港股通文化娱乐,2022-07-21
931971,港股通电力电网,2022-07-21
931972,港股通地产开发,2022-07-21
931973,港股通地产管理,2022-07-21
931975,H300服务,2022-07-21
931976,H300食品饮料,2022-07-21
931977,H300医疗,2022-07-21
931978,H300制药,2022-07-21
931979,H300资本市场,2022-07-21
931980,H300传媒,2022-07-21
931981,H300休闲服务,2022-07-21
931982,H300医疗器械,2022-07-21
931983,H300化学药,2022-07-21
931984,H300商业银行,2022-07-21
931985,H300地产开发,2022-07-21
931986,H300地产管理,2022-07-21
931987,国企ESG 50,2025-04-02
931988,高端装备央企信用债,2022-12-14
931989,渝农商理财成渝经济圈发展,2022-07-12
931990,渝农商理财成渝经济圈消费,2022-07-12
931991,渝农商理财成渝经济圈先进制造,2022-07-12
931992,疫苗生物,2013-07-15
931993,银行债,2022-07-07
931994,电网设备主题,2022-10-11
931995,国泰海通大类资产配置,2022-07-15
931996,新能源金属,2022-11-14
931997,1000股息点,2025-03-19
931998,全球半导体,2022-11-04
931999,全球半导体材料设备,2022-11-04
932000,中证2000,2023-08-11
932001,中证央企债,2022-09-23
932002,中证0-3年央企债,2022-09-23
932003,中证0-5年央企债,2022-09-23
932004,国新央企综指,2022-10-11
932005,民生银行科创债,2025-10-29
932006,中证REITs（收盘）,2022-12-15
932011,蒙商银行内蒙古中高等级债券,2023-04-25
932012,创新主题信用债,2022-11-02
932013,科技创新债券,2022-11-02
932014,乡村振兴债,2022-11-02
932015,乡村振兴地方债,2022-11-02
932016,乡村振兴信用债,2022-11-02
932017,800红利增长,2022-11-25
932018,300红利增长,2022-11-25
932019,500红利增长,2022-11-25
932020,1000红利增长,2022-11-25
932021,中证红利SGD,2025-02-14
932024,高端造50策略,2020-12-21
932025,高端造50,2020-12-11
932026,SSH高端造,2023-03-13
932027,500趋势成长,2023-06-30
932028,数据要素,2023-08-30
932029,AAA综合债,2022-12-02
932030,短期AAA综合债,2022-12-02
932031,0-3年AAA综合债,2022-12-02
932032,0-5年AAA综合债,2022-12-02
932033,3-5年AAA综合债,2022-12-02
932034,5-7年AAA综合债,2022-12-02
932035,7-10年AAA综合债,2022-12-02
932036,10年+AAA综合债,2022-12-02
932037,央企现代能源,2022-11-16
932038,央企科技引领,2022-11-16
932039,央企股东回报,2022-11-16
932040,芯片设计,2021-08-25
932042,智选航空科技,2023-10-18
932044,高端装备科技,2024-03-20
932045,浦东绿色主题信用债,2023-05-08
932046,建行科技（长三角）,2024-05-08
932047,中证REITs全收益,2022-12-15
932048,民企高端装备,2024-03-20
932049,国新港股通央企综指,2024-05-08
932050,浦东绿色50 ESG,2023-05-08
932051,短期AAA信用债,2023-02-03
932052,央企科技创新,2023-10-10
932053,1000价值策略,2023-03-13
932055,主动偏股,2023-11-06
932056,海洋经济,2024-07-23
932057,苏州创新50,2023-01-09
932058,300价值领先,2023-11-22
932059,500价值领先,2023-11-22
932060,1000价值领先,2023-11-22
932061,均衡配置,2023-11-22
932062,市场龙头50,2024-01-16
932063,1000成长策略,2023-03-13
932065,通信设备及电信运营服务行业精选,2023-11-10
932066,半导体行业精选,2023-11-10
932067,计算机行业精选,2023-11-10
932068,长寿经济,2023-04-03
932069,港股通医疗主题,2022-07-21
932070,北银理财北京科技领先,2023-02-03
932071,SSH煤炭,2012-12-21
932072,红利增长50,2023-02-03
932073,佛山制造,2023-12-11
932074,金司南气候友好,2023-01-09
932075,全指金融,2023-03-13
932076,全指地产,2023-03-13
932077,全指能源行业,2023-03-13
932078,全指材料行业,2023-03-13
932079,全指工业行业,2023-03-13
932080,全指可选行业,2023-03-13
932081,全指消费行业,2023-03-13
932082,全指医药行业,2023-03-13
932083,全指金融行业,2023-03-13
932084,全指信息行业,2023-03-13
932085,全指通信行业,2023-03-13
932086,全指公用行业,2023-03-13
932087,集成电路,2023-03-29
932088,全指航空,2023-03-23
932089,全指节能,2023-03-23
932090,储能设备,2023-03-23
932091,全指种植,2023-03-23
932092,数据中心,2023-03-29
932093,通用机械,2023-03-29
932094,软件开发,2023-03-29
932097,交易所国企债,2023-02-03
932098,交易所0-3国企债,2023-02-03
932099,交易所0-5国企债,2023-02-03
932100,交易所AAA国企债,2023-02-03
932101,交易所短期AAA国企债,2023-02-03
932102,交易所0-3 AAA国企债,2023-02-03
932103,交易所0-5 AAA国企债,2023-02-03
932104,短期AAA央企债,2023-05-08
932105,交易所短期AAA央企债,2023-05-08
932106,短期高等级信用债,2023-05-08
932107,交易所短期高等级信用债,2023-05-08
932108,短期AAA国企债,2023-05-08
932109,交易所短期信用债,2023-05-08
932110,交易所短期AAA信用债,2023-05-08
932111,化工行业,2023-07-14
932112,有色金属行业,2023-07-14
932113,钢铁行业,2023-07-21
932114,非金属材料行业,2023-07-21
932115,造纸与包装行业,2023-07-21
932116,航空航天与国防行业,2023-07-14
932117,建筑装饰行业,2023-07-21
932118,电力设备行业,2023-07-21
932119,机械制造行业,2023-07-21
932120,环保行业,2023-07-21
932121,商业服务行业,2023-07-21
932122,交通运输行业,2023-07-21
932123,汽车汽配行业,2023-07-21
932124,耐用消费品行业,2023-07-28
932125,服装珠宝行业,2023-07-28
932126,消费者服务行业,2023-07-28
932127,零售行业,2023-07-28
932128,食品饮料烟草行业,2023-07-28
932130,家庭用品行业,2023-07-28
932131,医疗行业,2023-07-28
932132,医药行业,2023-07-28
932133,银行行业,2023-07-28
932134,其他金融行业,2023-08-30
932135,资本市场行业,2023-08-30
932136,保险行业,2023-08-30
932138,电子行业,2023-08-30
932139,半导体行业,2023-08-15
932140,电信服务行业,2023-07-14
932141,通信设服行业,2023-07-14
932142,传媒行业,2023-08-30
932143,航空航天,2023-10-18
932144,电信服务,2023-10-18
932145,通信设服,2023-10-18
932149,工业转债及可交换债,2025-04-01
932150,原材料转债及可交换债,2025-04-01
932151,可选消费转债及可交换债,2025-04-01
932152,港股通成长策略,2025-04-30
932153,港股通价值策略,2025-04-30
932154,A500红利,2025-04-09
932155,全球电动车,2025-04-17
932156,智选银行AW,2025-10-17
932157,上海科技领先,2025-04-21
932158,科创债,2023-08-24
932159,高等级科创债,2023-08-24
932160,AAA科创债,2023-08-24
932161,0-3AAA科创债,2023-08-24
932162,0-5AAA科创债,2023-08-24
932163,AAA国企科创债,2023-08-24
932165,0-3AAA国企科创债,2023-08-24
932166,0-5AAA国企科创债,2023-08-24
932167,交易所地企债,2023-09-06
932168,交易所0-3地企债,2023-09-06
932169,交易所0-5地企债,2023-09-06
932170,交易所AAA地企债,2023-09-06
932171,交易所短期AAA地企债,2023-09-06
932172,交易所0-3 AAA地企债,2023-09-06
932173,交易所0-5 AAA地企债,2023-09-06
932186,交银财富指数,2023-09-25
932187,交银财富进取,2023-09-25
932188,交银财富平衡,2023-09-25
932189,交银财富稳健,2023-09-25
932190,交银优选公募理财,2023-09-25
932191,政金债0-2,2023-10-10
932192,政金债0-3,2023-10-10
932193,国开债 0-2,2023-10-10
932194,国开债 0-3,2023-10-10
932195,农发债0-2,2023-10-10
932196,农发债0-3,2023-10-10
932197,进出口债0-2,2023-10-10
932198,进出口债0-3,2023-10-10
932199,国债及政金债0-2,2023-10-10
932200,国债及政金债0-3,2023-10-10
932201,0-2年国债,2023-10-10
932202,0-3年国债,2023-10-10
932203,2027信用债,2023-11-02
932204,2028信用债,2023-11-02
932205,2029信用债,2023-11-02
932206,2030信用债,2023-11-02
932207,2031信用债,2023-11-02
932208,2032信用债,2023-11-02
932209,2027政金债,2023-11-02
932210,2028政金债,2023-11-02
932211,2029政金债,2023-11-02
932212,2030政金债,2023-11-02
932213,2031政金债,2023-11-02
932214,2032政金债,2023-11-02
932215,SSH新能车主题,2024-02-08
932217,制药指数,2013-07-15
932218,中证ABS,2024-02-02
932219,优先级ABS,2024-02-02
932220,交易所ABS,2024-02-02
932221,交易所优先级ABS,2024-02-02
932223,长三角绿色50,2023-10-25
932224,SSH新能车50,2024-02-08
932225,能源信用债,2023-12-14
932226,原材料信用债,2023-12-14
932227,工业信用债,2023-12-14
932228,可选消费信用债,2023-12-14
932229,主要消费信用债,2023-12-14
932230,医药卫生信用债,2023-12-14
932231,信息技术信用债,2023-12-14
932232,通信服务信用债,2023-12-14
932233,公用事业信用债,2023-12-14
932234,房地产信用债,2023-12-14
932235,交易所能源信用债,2023-12-11
932236,交易所原材料信用债,2023-12-11
932237,交易所工业信用债,2023-12-11
932238,交易所可选消费信用债,2023-12-11
932239,交易所主要消费信用债,2023-12-11
932240,交易所医药卫生信用债,2023-12-11
932241,交易所信息技术信用债,2023-12-11
932242,交易所通信服务信用债,2023-12-11
932243,交易所公用事业信用债,2023-12-11
932244,交易所房地产信用债,2023-12-11
932245,沪深港生物科技主题,2025-01-17
932246,储能电池,2022-07-08
932247,AAA绿债,2024-06-28
932248,高等级绿债,2024-06-28
932250,北银理财央企应收账款ABS,2024-04-26
932251,智选价值领先50,2025-07-31
932253,港股通生物科技,2024-06-06
932254,质量红利50,2024-04-01
932255,A500红利增长,2025-04-09
932256,工业金属50,2024-01-12
932257,国新央企小盘,2024-03-29
932259,智选1000质量均衡,2024-12-10
932260,港股生物科技,2024-06-06
932262,中信银行生物多样性信用债,2024-09-20
932263,苏州园区,2024-03-18
932265,黄金股票,2024-01-12
932266,国企战略新兴,2024-07-02
932268,港股通电力设备,2024-03-08
932269,港股通汽车汽配,2024-03-08
932270,港股通零售业,2024-03-08
932271,港股通医疗,2024-03-08
932272,港股通计算机,2024-03-08
932273,港股通医疗器械,2024-03-08
932274,港股通生物药品,2024-03-08
932275,港股通信息服务,2024-03-08
932276,H300医药,2024-03-08
932277,H300汽车汽配,2024-03-08
932278,H300计算机,2024-03-08
932279,H300电子,2024-03-08
932280,H300医疗商业,2024-03-08
932281,H300生物药品,2024-03-08
932282,投资级公司信用债,2024-04-08
932283,投资级公司AAA信用债,2024-04-08
932284,短期投资级公司AAA信用债,2024-04-08
932285,0-3投资级公司AAA信用债,2024-04-08
932286,0-5投资级公司AAA信用债,2024-04-08
932287,投资级公司产业债,2024-04-08
932288,投资级公司AAA产业债,2024-04-08
932289,短期投资级公司AAA产业债,2024-04-08
932290,0-3投资级公司AAA产业债,2024-04-08
932291,0-5投资级公司AAA产业债,2024-04-08
932292,太保主动偏股价值基金,2024-05-24
932293,太保主动偏股均衡基金,2024-05-24
932294,太保主动偏股成长基金,2024-05-24
932295,太保主动偏股价值40分位,2024-05-24
932296,太保主动偏股价值50分位,2024-05-24
932297,太保主动偏股价值60分位,2024-05-24
932298,太保主动偏股均衡40分位,2024-05-24
932299,太保主动偏股均衡50分位,2024-05-24
932300,太保主动偏股均衡60分位,2024-05-24
932301,太保主动偏股成长40分位,2024-05-24
932302,太保主动偏股成长50分位,2024-05-24
932303,太保主动偏股成长60分位,2024-05-24
932305,智选高股息,2024-09-30
932306,战略新兴100,2024-06-28
932308,红利200,2024-06-28
932309,红利增长,2017-12-11
932310,国债及政金债7-20,2024-09-09
932311,国债及政金债7-30,2024-09-09
932312,国债及政金债17-30,2024-09-09
932313,国债及政金债17-50,2024-09-09
932314,国债及政金债27-50,2024-09-09
932315,中证红利质量,2024-07-08
932316,300红利质量,2024-07-08
932317,500红利质量,2024-07-08
932318,800红利质量,2024-07-08
932319,1000红利质量,2024-07-08
932320,港股国企50,2024-07-11
932321,港股国企综指,2024-07-30
932322,港股内地民企50,2024-07-11
932323,港股内地民企综指,2024-07-30
932324,港股通国企50,2024-07-11
932325,港股通国企综指,2024-07-30
932326,港股通内地民企50,2024-07-11
932327,港股通内地民企综指,2024-07-30
932328,港股通央企50,2024-07-11
932329,港股通央企综指,2024-07-30
932330,港股央企50,2024-07-11
932331,港股央企综指,2024-07-30
932332,中证地债,2025-01-16
932333,一般地债,2025-01-16
932334,专项地债,2025-01-16
932336,0-3高等级信用票息策略,2024-08-12
932337,0-3中高信用票息策略,2024-08-12
932338,0-5高等级信用票息策略,2024-08-12
932339,0-5中高信用票息策略,2024-08-12
932340,政金债0-5,2024-09-02
932341,政金债3-7,2024-09-02
932342,国开债0-5,2024-09-02
932343,国开债3-7,2024-09-02
932344,农发债0-5,2024-09-02
932345,农发债3-7,2024-09-02
932346,进出口债0-5,2024-09-02
932347,进出口债3-7,2024-09-02
932348,国债及政金债0-5,2024-09-02
932349,国债及政金债3-7,2024-09-02
932350,沪深300债券,2025-01-16
932351,沪深300AAA债券,2025-01-16
932352,沪深300AAA0-3债券,2025-01-16
932353,沪深300AAA0-5债券,2025-01-16
932356,华泰证券资管ABS,2025-06-06
932357,专精特新100,2025-07-21
932358,SSH芯片产业,2025-01-17
932359,国新国企人工智能,2025-01-21
932360,产业竞争优势,2024-11-07
932361,港股通回购,2025-01-14
932362,香港回购,2025-01-14
932363,海通资管科技债,2025-06-06
932365,中证现金流,2024-12-11
932366,300现金流,2024-11-12
932367,500现金流,2024-11-12
932368,800现金流,2024-12-11
932369,1000现金流,2024-11-12
932370,融资租赁ABS,2024-11-20
932371,应收账款ABS,2024-11-20
932372,消费金融ABS,2024-11-20
932373,小微贷款ABS,2024-11-20
932374,供应链金融ABS,2024-11-20
932375,交易所央企债,2024-11-20
932376,交易所短期央企债,2024-11-20
932377,交易所0-3年央企债,2024-11-20
932378,交易所0-5年央企债,2024-11-20
932379,交易所3-7年央企债,2024-11-20
932380,交易所5-10年央企债,2024-11-20
932381,科创创业50等权,2025-01-27
932382,1000等权,2025-01-27
932383,沪深港算力,2025-09-24
932384,常州新能源,2024-12-24
932386,智选数字经济创新,2024-11-22
932387,沪深300交易所债券,2025-01-16
932388,沪深300交易所AAA债券,2025-01-16
932389,沪深300交易所 AAA0-3债券,2025-01-16
932390,沪深300交易所 AAA0-5债券,2025-01-16
932391,科创创业生物医药,2025-05-13
932392,1000价值,2024-12-10
932393,1000成长,2024-12-10
932394,2000价值,2024-12-10
932395,2000成长,2024-12-10
932396,1000R价值,2025-01-23
932397,1000R成长,2025-01-23
932398,2000R价值,2025-01-23
932399,2000R成长,2025-01-23
932400,300P价值,2025-01-24
932401,300P成长,2025-01-24
932402,500P价值,2025-01-24
932403,500P成长,2025-01-24
932404,800P价值,2025-01-24
932405,800P成长,2025-01-24
932406,1000P价值,2025-01-24
932407,1000P成长,2025-01-24
932408,2000P价值,2025-01-24
932409,2000P成长,2025-01-24
932410,红利股债RP,2024-11-21
932411,红利股债10/90,2024-11-21
932412,红利股债20/80,2024-11-21
932413,红利股债30/70,2024-11-21
932414,红利股债稳健配置10%,2024-11-21
932415,红利股债稳健配置20%,2024-11-21
932416,红利股债稳健配置30%,2024-11-21
932417,SEEE绿色转型,2025-10-13
932418,养老目标FOF,2025-02-10
932419,国新国企航空航天,2025-01-21
932420,智选船舶产业,2025-05-28
932421,民企ESG 50,2025-04-02
932422,A500红利低波,2025-04-09
932423,长三角数字经济,2025-01-27
932424,化肥农药,2024-12-30
932425,SSH汽车,2025-01-21
932426,中高民企债,2025-02-10
932427,短期中高民企债,2025-02-10
932428,0-3中高民企债,2025-02-10
932429,0-5年中高民企债,2025-02-10
932430,中证质量,2025-03-18
932431,300质量,2025-03-18
932432,500质量,2025-03-18
932433,800质量,2025-03-18
932434,1000质量,2025-03-18
932435,红利低波股债10/90,2025-01-17
932436,红利低波股债20/80,2025-01-17
932437,红利低波股债30/70,2025-01-17
932438,科创创业机器人,2025-05-16
932439,科创创业转债,2026-04-01
932440,上海现代产业,2025-01-24
932441,偏股价值基金,2025-02-10
932442,偏股均衡基金,2025-02-10
932443,偏股成长基金,2025-02-10
932446,七彩阳光普惠主题ABS,2025-02-18
932448,科创创业半导体,2025-06-20
932450,香港现金流,2025-02-28
932451,智选质量领先50,2025-07-31
932452,CS西藏,2015-08-26
932453,海通资管绿债,2025-06-06
932456,科创创业AI,2025-05-14
932457,港股通现金流,2025-02-28
932458,智选杭州创新50,2025-09-23
932459,全球生物科技,2025-09-24
932460,长三角科技领先,2025-04-21
932461,科创创业新能源,2025-05-13
932465,A500质量,2025-04-18
932466,A500交易所股债5/95,2025-05-14
932467,A500交易所股债10/90,2025-05-14
932468,A500交易所股债15/85,2025-05-14
932469,A500交易所股债20/80,2025-05-14
932470,A500交易所股债30/70,2025-05-14
932471,现金流交易所股债5/95,2025-05-14
932472,现金流交易所股债10/90,2025-05-14
932473,现金流交易所股债15/85,2025-05-14
932474,现金流交易所股债20/80,2025-05-14
932475,现金流交易所股债30/70,2025-05-14
932476,A500红利质量,2025-04-18
932477,红利低波交易所股债5/95,2025-05-14
932478,红利低波交易所股债10/90,2025-05-14
932479,红利低波交易所股债15/85,2025-05-14
932480,红利低波交易所股债20/80,2025-05-14
932481,红利低波交易所股债30/70,2025-05-14
932482,AAA转债及可交换债,2025-06-27
932483,高等级转债及可交换债,2025-06-27
932484,中高等级转债及可交换债,2025-06-27
932486,成渝AAA信用债,2025-09-24
932487,西部AAA信用债,2025-09-24
932488,交易所国债及政金债,2025-07-25
932489,交易所0-3国债及政金债,2025-07-25
932490,交易所0-5国债及政金债,2025-07-25
932491,交易所0-7国债及政金债,2025-07-25
932492,交易所0-10国债及政金债,2025-07-25
932493,港股通AI,2024-03-13
932494,A500成长,2025-09-10
932495,A500P成长,2025-09-11
932496,A500R成长,2025-09-11
932497,A500价值,2025-09-10
932498,A500P价值,2025-09-11
932499,A500R价值,2025-09-11
932500,交银人寿科创创业成长策略,2025-10-30
932502,港股通消费50,2024-03-08
932503,农业主题债券,2026-04-24
932535,全指等权,2025-10-30
932536,航运发展,2025-06-18
932538,1年久期国债及政金债,2025-08-25
932539,2年久期国债及政金债,2025-08-25
932540,3年久期国债及政金债,2025-08-25
932541,5年久期国债及政金债,2025-08-25
932542,7年久期国债及政金债,2025-08-25
932543,10年久期国债及政金债,2025-08-25
932544,智选安徽100,2025-08-25
932545,科创创业创新药,2025-11-07
932546,A50等权,2025-10-30
932547,A100等权,2025-10-30
932548,A500等权,2025-10-30
932549,智选成长领先50,2025-10-30
932553,科创创业医疗器械,2025-11-07
932554,A500交易所0-7股债5/95,2025-09-24
932555,A500交易所0-7股债10/90,2025-09-24
932556,A500交易所0-7股债15/85,2025-09-24
932557,A500交易所0-7股债20/80,2025-09-24
932558,A500交易所0-7股债30/70,2025-09-24
932559,现金流交易所0-7股债5/95,2025-09-24
932560,现金流交易所0-7股债10/90,2025-09-24
932561,现金流交易所0-7股债15/85,2025-09-24
932562,现金流交易所0-7股债20/80,2025-09-24
932563,现金流交易所0-7股债30/70,2025-09-24
932565,红利低波交易所0-7股债5/95,2025-09-24
932566,红利低波交易所0-7股债10/90,2025-09-24
932567,红利低波交易所0-7股债15/85,2025-09-24
932568,红利低波交易所0-7股债20/80,2025-09-24
932569,红利低波交易所0-7股债30/70,2025-09-24
932570,国企绿债,2025-09-30
932571,AAA国企绿债,2025-09-30
932572,高等级国企绿债,2025-09-30
932573,交易所国企绿债,2025-09-30
932574,交易所AAA国企绿债,2025-09-30
932575,交易所高等级国企绿债,2025-09-30
932576,2000 ESG,2025-11-19
932577,2000 ESG领先,2025-11-19
932587,香港 AI,2024-03-13
932592,互联互通中国50,2025-11-11
932593,互联互通中国50红利聚焦,2025-11-11
932595,东盟数字经济,2025-12-26
932596,港股通红利低波,2016-02-04
932599,港股通机器人,2026-02-27
932601,中新亚洲100红利聚焦,2025-11-12
932607,中新亚洲100,2025-11-12
932608,20年地债,2026-04-01
932609,30年地债,2026-04-01
932611,智选电网主题,2025-12-30
932613,高等级科技创新债券,2026-02-02
932614,AAA科技创新债券,2026-02-02
932615,0-3AAA科技创新债券,2026-02-02
932616,0-5AAA科技创新债券,2026-02-02
932617,银行间科技创新债券,2026-02-02
932618,银行间高等级科技创新债券,2026-02-02
932619,银行间AAA科技创新债券,2026-02-02
932620,银行间0-3AAA科技创新债券,2026-02-02
932621,银行间0-5AAA科技创新债券,2026-02-02
932622,交易所产业债,2023-09-13
932623,交易所AAA产业债,2023-09-13
932624,交易所高等级产业债,2023-09-13
932625,交易所短期产业债,2023-09-13
932626,交易所短期AAA产业债,2023-09-13
932627,交易所短期高等级产业债,2023-09-13
932628,交易所0-3产业债,2023-09-13
932629,交易所0-3 AAA产业债,2023-09-13
932630,交易所0-3高等级产业债,2023-09-13
932631,交易所0-5产业债,2023-09-13
932632,交易所0-5 AAA产业债,2023-09-13
932633,交易所0-5高等级产业债,2023-09-13
932637,科创创业股债5/95,2026-04-03
932638,科创创业股债10/90,2026-04-03
932639,科创创业股债15/85,2026-04-03
932640,科创创业股债20/80,2026-04-03
932641,科创创业股债30/70,2026-04-03
932645,现金流科创股债5/95,2026-04-03
932646,现金流科创股债10/90,2026-04-03
932647,现金流科创股债15/85,2026-04-03
932648,现金流科创股债20/80,2026-04-03
932649,现金流科创股债30/70,2026-04-03
932650,红利低波科创股债5/95,2026-04-03
932651,红利低波科创股债10/90,2026-04-03
932652,红利低波科创股债15/85,2026-04-03
932653,红利低波科创股债20/80,2026-04-03
932654,红利低波科创股债30/70,2026-04-03
932655,ESG领先AAA债券,2026-04-24
932656,交易所ESG领先AAA债券,2026-04-24
932661,新兴60,2026-03-20
932666,PCB,2026-03-31
932673,美股30,2026-02-27
932674,中节能气候债,2026-04-29
932675,中节能高等级气候债,2026-04-29
932676,中节能AAA气候债,2026-04-29
932686,智选盈利价值等权,2026-03-23
932690,精选市场稳健,2012-07-20
932691,高等级综合债,2026-04-09
932692,短期高等级综合债,2026-04-09
932693,0-3高等级综合债,2026-04-09
932694,0-5高等级综合债,2026-04-09
932695,0-7高等级综合债,2026-04-09
932696,1-3高等级综合债,2026-04-09
932697,1-5高等级综合债,2026-04-09
932698,3-5高等级综合债,2026-04-09
932699,3-7高等级综合债,2026-04-09
932700,5-7高等级综合债,2026-04-09
932701,5-10高等级综合债,2026-04-09
932702,7-10高等级综合债,2026-04-09
932703,10+高等级综合债,2026-04-09
932704,交易所AAA综合债,2026-04-13
932705,交易所短期AAA综合债,2026-04-13
932706,交易所0-3AAA综合债,2026-04-13
932707,交易所0-5AAA综合债,2026-04-13
932708,交易所0-7AAA综合债,2026-04-13
932709,交易所0-10AAA综合债,2026-04-13
932710,交易所3-5AAA综合债,2026-04-13
932711,交易所5-7AAA综合债,2026-04-13
932712,交易所5-10AAA综合债,2026-04-13
932713,交易所7-10AAA综合债,2026-04-13
932714,交易所10+AAA综合债,2026-04-13
950096,上海国企,2016-05-11
H00999,光大阳光,2008-08-01
H11001,中证全债,2007-12-17
H11002,中证3债,2007-12-17
H11003,中证7债,2007-12-17
H11004,中证10债,2007-12-17
H11005,中证10+债,2007-12-17
H11006,中证国债,2008-01-28
H11007,中证金融债,2008-01-28
H11008,中证企业债,2008-01-28
H11009,中证综合债,2008-11-12
H11010,中证1债,2008-11-12
H11014,中证短融,2008-11-12
H11015,中证短债,2008-11-12
H11016,中证50债,2010-10-15
H11017,中期国债,2011-03-21
H11019,中证企债100,2011-07-19
H11020,中证基金,2016-08-31
H11021,股票基金,2016-08-31
H11022,混合基金,2016-08-31
H11023,债券基金,2016-08-31
H11024,ETF净价,2016-08-31
H11025,货币基金,2016-08-31
H11026,QDII基金,2016-08-31
H11027,金牛股票,2016-08-31
H11028,金牛混合,2016-08-31
H11051,钢铁产业,2009-07-22
H11052,智能电车,2009-07-22
H11053,纺织产业,2009-07-22
H11054,装备产业,2009-07-22
H11055,船舶产业,2009-07-22
H11057,石化产业,2009-07-22
H11058,轻工产业,2009-07-22
H11059,工业有色,2009-07-22
H11060,物流产业,2009-07-22
H11061,商品CFCI,2010-12-28
H11062,农产CFCI,2010-12-28
H11063,金属CFCI,2010-12-28
H11064,化工CFCI,2010-12-28
H11065,能源CFCI,2010-12-28
H11066,粮食CFCI,2010-12-28
H11067,工金CFCI,2010-12-28
H11068,纺织CFCI,2010-12-28
H11069,油脂CFCI,2010-12-28
H11070,中证短融50,2011-09-13
H11071,中证1-10国债,2012-03-20
H11072,中证中票50,2012-05-24
H11073,中证信用,2012-10-16
H11074,中期企债,2012-10-16
H11075,长期国债,2012-10-23
H11076,中期综合,2012-11-26
H11078,中高信用,2013-02-05
H11079,中低信用,2013-02-05
H11087,GSZ AAA,2013-05-03
H11088,GSZ AA+,2013-05-03
H11089,GSZ AA,2013-05-03
H11090,GSZ 1-3,2013-05-03
H11091,GSZ 3-5,2013-05-03
H11092,GSZ 5-7,2013-05-03
H11093,GSZ 7-10,2013-05-03
H11094,中票L50,2013-05-16
H11096,中期信用L100,2013-07-04
H11097,中期中高收益L,2013-07-04
H11099,短期国债,2013-08-20
H11100,香港100,2008-05-07
H11102,非港内地,2008-11-10
H11104,海外内地,2008-11-10
H11105,非台海外,2008-11-10
H11106,非台华股,2008-11-10
H11108,两岸三地,2010-01-18
H11110,香港F50,2010-06-02
H11113,中国低碳,2011-02-16
H11120,香港中盘精选,2011-04-28
H11121,富国多空,2011-07-26
H11123,香港内地50,2008-11-10
H11134,中证中国东盟180,2011-08-12
H11136,中国互联网,2011-09-20
H11140,香港红利,2009-07-23
H11142,HKT香港地产,2010-06-02
H11143,港股通内地地产,2010-06-02
H11144,HKT内地消费,2010-06-02
H11145,HKT内地银行,2010-06-02
H11146,港股通内地金融,2010-06-02
H11152,内地民营,2010-07-30
H11153,内地国有,2010-07-30
H11156,中国可选消费,2012-02-08
H11158,中国主要消费,2012-02-08
H11160,中国五年规划,2012-04-23
H11162,中国城市化,2012-04-23
H11164,香港300,2012-07-20
H11165,香港200,2012-07-20
H11166,HK300内地,2012-10-16
H11167,HK300本地,2012-10-16
H11172,HK300V,2012-10-16
H11173,HK300G,2012-10-16
H11174,HK300RV,2012-10-16
H11175,HK300RG,2012-10-16
H11180,合成期权,2012-10-16
H11181,金砖国家,2012-10-16
H11183,金砖(HK),2012-10-16
H11185,3年中高信用,2013-11-01
H30001,环渤海,2012-09-27
H30002,长三角,2012-09-27
H30004,中部崛起,2012-09-27
H30005,西部开发,2012-09-27
H30006,东北振兴,2012-09-27
H30007,芯片产业,2012-12-20
H30008,商品LCFI,2012-11-27
H30009,商品CFI,2012-11-27
H30011,800材料主题,2012-12-21
H30012,800资本品,2012-12-21
H30013,800商业,2012-12-21
H30014,800运输,2012-12-21
H30015,800汽车,2012-12-21
H30016,800耐用,2012-12-21
H30017,800服务,2012-12-21
H30018,800传媒,2012-12-21
H30019,800零售,2012-12-21
H30020,800食品,2012-12-21
H30022,800银行,2012-12-21
H30023,800资本,2012-12-21
H30024,800保险,2012-12-21
H30031,800有色,2012-12-21
H30034,300有色,2012-12-21
H30035,300非银,2012-12-21
H30068,中证文化,2013-03-26
H30069,农产CFI,2013-02-21
H30070,工金CFI,2013-02-21
H30071,能化CFI,2013-02-21
H30072,贵金CFI,2013-02-21
H30073,红利回报,2013-03-27
H30074,中证服务,2013-03-26
H30075,300期指,2013-04-03
H30076,期指两倍,2013-04-03
H30077,期指反向,2013-04-03
H30078,期指反两,2013-04-03
H30079,300信服,2013-05-09
H30080,300消服,2013-05-09
H30081,300公运,2013-05-09
H30082,300两倍,2013-04-03
H30083,300反向,2013-04-03
H30084,300反两,2013-04-03
H30086,800金融,2013-05-09
H30087,500动态,2013-05-09
H30088,500稳定,2013-05-09
H30089,红利潜力,2013-07-02
H30090,能源红利,2013-07-02
H30091,材料红利,2013-07-02
H30092,工业红利,2013-07-02
H30093,可选红利,2013-07-02
H30094,消费红利,2013-07-02
H30095,医药红利,2013-07-02
H30096,金融红利,2013-07-02
H30097,信息红利,2013-07-02
H30098,通信红利,2013-07-02
H30099,公用红利,2013-07-02
H30100,港股通上游资源,2013-05-21
H30101,H300中游,2013-05-21
H30102,H300下游,2013-05-21
H30103,H300周期,2013-05-21
H30104,H300非周期,2013-05-21
H30105,H300地产,2013-05-21
H30106,港股通金融服务,2013-05-21
H30107,H300现代服务,2013-05-21
H30109,H300消费,2013-05-21
H30124,安中动态,2013-07-01
H30131,中国消费,2013-06-05
H30133,金砖DR,2013-07-12
H30135,金砖DR（HK）,2013-07-12
H30137,中证城镇,2013-08-26
H30138,智慧城镇,2013-08-26
H30139,绿色城镇,2013-08-26
H30140,城镇交通,2013-08-26
H30141,智能交通,2013-08-26
H30142,城镇消费,2013-08-26
H30143,新基建,2013-08-26
H30164,汽车汽配,2013-07-15
H30166,机械制造,2013-07-15
H30169,资本品,2013-07-15
H30170,商业指数,2013-07-15
H30171,运输指数,2013-07-15
H30172,耐用服装,2013-07-15
H30173,消费者,2013-07-15
H30174,媒体指数,2013-07-15
H30175,零售指数,2013-07-15
H30176,食药零售,2013-07-15
H30177,全指食品,2013-07-15
H30178,医疗保健,2013-07-15
H30179,制药生物,2013-07-15
H30182,计算机,2013-07-15
H30183,电子,2013-07-15
H30184,半导体,2013-07-15
H30186,保险指数,2013-07-15
H30187,全指化工,2013-07-15
H30190,电子设备,2013-07-15
H30192,食品,2013-07-15
H30193,纺织服装,2013-07-15
H30195,建筑工程,2013-07-15
H30196,耐用消费品,2013-07-15
H30197,一般零售,2013-07-15
H30198,油气产业,2013-07-15
H30199,电力指数,2013-07-15
H30200,交通设施,2013-07-15
H30201,贸易商,2013-07-15
H30202,软件指数,2013-07-15
H30203,信息服务,2013-07-15
H30204,休闲服务,2013-07-15
H30205,饮料指数,2013-07-15
H30206,纸类林业,2013-07-15
H30207,电脑设备,2013-07-15
H30208,专营零售,2013-07-15
H30209,建筑产品,2013-07-15
H30211,资本市场,2013-07-15
H30213,CS航空航天,2013-07-15
H30214,油气开采服务,2013-07-15
H30215,休闲用品,2013-07-15
H30216,航运指数,2013-07-15
H30217,医疗器械,2013-07-15
H30218,水务指数,2013-07-15
H30219,容器包装,2013-07-15
H30220,文化娱乐,2013-07-15
H30221,复合公用,2013-07-15
H30222,运输业,2013-07-15
H30223,航空运输,2013-07-15
H30224,粮油CFI,2013-08-15
H30225,有色CFI,2013-08-15
H30226,化工CFI,2013-08-15
H30227,工业CFI,2013-08-15
H30228,商品OCFI,2013-08-15
H30230,H300LV,2013-10-15
H30231,H300LB,2013-10-15
H30232,H300HB,2013-10-15
H30233,H300稳定,2013-10-15
H30234,H300动态,2013-10-15
H30235,H300CNLV,2013-10-15
H30236,H300CNLB,2013-10-15
H30237,H300CNHB,2013-10-15
H30238,HK100EW,2013-10-15
H30239,HKCN50EW,2013-10-15
H30250,500能源,2013-11-06
H30251,500原料,2013-11-06
H30252,500工业,2013-11-06
H30253,500可选,2013-11-06
H30254,500消费,2013-11-06
H30255,500医药,2013-11-06
H30256,500金融地产,2013-11-06
H30257,500信息,2013-11-06
H30258,500通信,2013-11-06
H30259,500公用,2013-11-06
H30260,300动量,2013-11-21
H30261,300ERC,2013-11-21
H30263,腾讯济安,2013-11-18
H30267,高收益债ETFs,2013-12-18
H30269,红利低波,2013-12-19
H30270,红利价值,2013-12-19
H30271,A100动态,2014-01-17
H30272,A100稳定,2014-01-17
H30273,200动态,2014-01-17
H30274,200稳定,2014-01-17
H30318,科技传媒通信150,2014-04-15
H30322,股债RP,2014-06-09
H30324,H300银行,2014-05-21
H30325,H300运输,2014-05-21
H30326,港股通资源产业,2014-05-21
H30327,H300基建,2014-05-21
H30328,H300物流,2014-05-21
H30329,H300休闲,2014-05-21
H30330,HK 细分龙头,2014-05-21
H30331,HK 行业龙头,2014-05-21
H30332,香港50,2014-05-21
H30344,健康产业,2014-06-06
H30345,300波控1,2014-07-08
H30346,300波控2,2014-07-08
H30347,500波控1,2014-07-08
H30348,500波控2,2014-07-08
H30350,辽宁股交中心市场发展指数,2014-04-25
H30351,500成长,2014-06-09
H30352,500价值,2014-06-09
H30353,500R成长,2014-06-09
H30354,500R价值,2014-06-09
H30355,800成长,2014-06-09
H30356,800价值,2014-06-09
H30357,800R成长,2014-06-09
H30358,800R价值,2014-06-09
H30359,转型成长,2014-07-11
H30362,基本300,2014-07-22
H30363,基本500,2014-07-22
H30365,文娱传媒,2014-07-21
H30366,高息策略,2014-07-21
H30368,中证高新,2014-07-17
H30372,中证安全,2014-07-21
H30373,百发100,2014-07-30
H30374,中国内地全指,2014-07-31
H30375,CN能源综合,2014-07-31
H30376,CN材料综合,2014-07-31
H30377,CN工业综合,2014-07-31
H30378,CN可选综合,2014-07-31
H30379,CN消费综合,2014-07-31
H30380,CN医药综合,2014-07-31
H30381,CN金融综合,2014-07-31
H30382,CN信息综合,2014-07-31
H30383,CN通信综合,2014-07-31
H30384,CN公用综合,2014-07-31
H30396,高等级短融,2014-11-05
H30398,高等级短融对冲,2014-11-05
H30401,300股息点,2014-09-25
H30402,500股息点,2014-09-25
H30403,300日报酬两倍,2014-09-02
H30404,300日报酬反向,2014-09-02
H30405,300美元对冲,2014-11-03
H30406,500美元对冲,2014-11-03
H30418,香港100动量,2014-10-24
H30419,香港200动量,2014-10-24
H30420,香港50ERC,2014-10-24
H30421,香港100ERC,2014-10-24
H30422,香港50EW,2014-10-24
H30439,1000能源,2014-10-17
H30440,1000材料,2014-10-17
H30441,1000工业,2014-10-17
H30442,1000可选,2014-10-17
H30443,1000消费,2014-10-17
H30444,1000医药,2014-10-17
H30445,1000金融,2014-10-17
H30446,1000信息,2014-10-17
H30447,1000通信,2014-10-17
H30448,1000公用,2014-10-17
H30449,红利波控1,2014-11-19
H30450,红利波控2,2014-11-19
H30454,1000美元对冲,2014-11-03
H30455,沪港深500,2014-11-28
H30456,沪港深通中小,2014-11-28
H30457,沪港深通综合,2014-11-28
H30458,沪港深500能源,2014-11-28
H30459,沪港深500材料,2014-11-28
H30460,沪港深500工业,2014-11-28
H30461,沪港深500可选,2014-11-28
H30462,沪港深500消费,2014-11-28
H30463,沪港深500医药,2014-11-28
H30464,沪港深500金融,2014-11-28
H30465,沪港深500信息,2014-11-28
H30466,沪港深500通信,2014-11-28
H30467,沪港深500公用,2014-11-28
H30468,沪港深通中小能源综合,2014-11-28
H30469,沪港深通中小材料综合,2014-11-28
H30470,沪港深通中小工业综合,2014-11-28
H30471,沪港深通中小可选综合,2014-11-28
H30472,沪港深通中小消费综合,2014-11-28
H30473,沪港深通中小医药综合,2014-11-28
H30474,沪港深通中小金融综合,2014-11-28
H30475,沪港深通中小信息综合,2014-11-28
H30476,沪港深通中小通信综合,2014-11-28
H30477,沪港深通中小公用综合,2014-11-28
H30478,沪港深通能源综合,2014-11-28
H30479,沪港深通材料综合,2014-11-28
H30480,沪港深通工业综合,2014-11-28
H30481,沪港深通可选综合,2014-11-28
H30482,沪港深通消费综合,2014-11-28
H30483,沪港深通医药综合,2014-11-28
H30484,沪港深通金融综合,2014-11-28
H30485,沪港深通信息综合,2014-11-28
H30486,沪港深通通信综合,2014-11-28
H30487,沪港深通公用综合,2014-11-28
H30521,中证中票100,2014-11-25
H30524,500ERC,2015-01-06
H30525,300SER,2015-01-06
H30526,500SER,2015-01-06
H30527,商品短期,2014-12-31
H30528,商品中期,2014-12-31
H30529,农产短期,2014-12-31
H30530,农产中期,2014-12-31
H30531,精工制造,2014-12-18
H30532,资源优选,2014-12-18
H30533,中国互联网50,2014-12-29
H30535,互联网,2015-01-12
H30537,淘金100,2015-01-21
H30544,沪港深通上游,2015-03-13
H30545,沪港深通中游,2015-03-13
H30546,沪港深通下游,2015-03-13
H30547,沪港深通周期,2015-03-13
H30548,沪港深通非周期,2015-03-13
H30550,沪港深通金融服务,2015-03-13
H30551,沪港深通现代服务,2015-03-13
H30552,沪港深通TMT,2015-03-13
H30554,沪港深通信息产业,2015-03-13
H30555,沪港深通银行,2015-03-13
H30556,沪港深通运输,2015-03-13
H30557,沪港深通资源,2015-03-13
H30558,沪港深通基建,2015-03-13
H30559,沪港深通物流,2015-03-13
H30560,沪港深通休闲,2015-03-13
H30561,沪港深500上游,2015-03-13
H30562,沪港深500中游,2015-03-13
H30563,沪港深500下游,2015-03-13
H30564,沪港深500周期,2015-03-13
H30565,沪港深500非周期,2015-03-13
H30588,中证证保,2015-02-02
H30590,机器人,2015-02-10
H30597,新材料,2015-02-13
L11150,CN80能源,2009-06-16
L11151,CN80材料,2009-06-16
L11152,CN80工业,2009-06-16
L11153,CN80可选,2009-06-16
L11154,CN80消费,2009-06-16
L11155,CN80医药,2009-06-16
L11156,CN80金融,2009-06-16
L11157,CN80信息,2009-06-16
L11158,CN80通信,2009-06-16
L11159,CN80公用,2009-06-16
L11160,C130能源,2009-06-16
L11161,C130材料,2009-06-16
L11162,C130工业,2009-06-16
L11163,C130可选,2009-06-16
L11164,C130消费,2009-06-16
L11165,C130医药,2009-06-16
L11166,C130金融,2009-06-16
L11167,C130信息,2009-06-16
L11168,C130通信,2009-06-16
L11169,C130公用,2009-06-16
L11170,C430能源,2009-06-16
L11171,C430材料,2009-06-16
L11172,C430工业,2009-06-16
L11173,C430可选,2009-06-16
L11174,C430消费,2009-06-16
L11175,C430医药,2009-06-16
L11176,C430金融,2009-06-16
L11177,C430信息,2009-06-16
L11178,C430通信,2009-06-16
L11179,C430公用,2009-06-16
L11180,H100能源,2009-06-16
L11181,H100材料,2009-06-16
L11182,H100工业,2009-06-16
L11183,H100可选,2009-06-16
L11184,H100消费,2009-06-16
L11185,H100医药,2009-06-16
L11186,H100金融,2009-06-16
L11187,H100信息,2009-06-16
L11188,H100通信,2009-06-16
L11189,H100公用,2009-06-16
L11220,H300能源,2012-07-20
L11221,H300材料,2012-07-20
L11222,H300工业,2012-07-20
L11223,H300可选,2012-07-20
L11224,H300消费,2012-07-20
L11227,H300信息,2012-07-20
L11228,H300通信,2012-07-20
L11229,H300公用,2012-07-20
L11501,300能源(二级),2009-06-16
L11502,300化工,2009-06-16
L11503,300资本品,2009-06-16
L11506,300汽车,2009-06-16
L11507,300耐用与服装,2009-06-16
L11509,300媒体,2009-06-16
L11510,300零售,2009-06-16
L11512,300食品饮料,2009-06-16
L11515,300制药生物,2009-06-16
L11518,300保险,2009-06-16
L11520,300计算机,2009-06-16
L11521,300电子,2009-06-16
L11525,300公用(二级),2009-06-16
L11604,300建材,2009-06-16
L11606,300金属与采矿,2009-06-16
L11608,300国防,2009-06-16
L11610,300建筑工程,2009-06-16
L11613,300机械,2009-06-16
L11617,300航空运输,2009-06-16
L11618,300运输业,2009-06-16
L11620,300交通设施,2009-06-16
L11621,300汽车配件,2009-06-16
L11623,300耐用消费品,2009-06-16
L11628,300文化娱乐,2009-06-16
L11630,300多元零售,2009-06-16
L11631,300专营零售,2009-06-16
L11634,300食品,2009-06-16
L11640,300制药,2009-06-16
L11641,300商业银行,2009-06-16
L11642,300综合金融服务,2009-06-16
L11643,300证券公司,2009-06-16
L11644,300保险(三级),2009-06-16
L11649,300电脑,2009-06-16
L11655,300电力,2009-06-16
SHHKSI,沪港精明,2014-11-17
